tanggal,jenis_kejadian_bencana,keterangan_jkb,sumber_informasi,alamat_kejadian,kelurahan,kecamatan,wilayah,kerugian_jumlah_kk,taksiran_kerugian,,
2020-11-01,Kebakaran,Bencana Kebakaran,Masyarakat Telepon,Jl. Kemayoran Gempol,Kebon Kosong,Kemayoran, Kota Administrasi Jakarta Pusat,16,2475000000,,
2020-11-01,Penyelamatan,Pengendalian Hewan,Masyarakat Datang,Jl. Budi Mulya,Pademangan Barat,Pademangan, Kota Administrasi Jakarta Utara,0,0,,
2020-11-01,Penyelamatan,Operasi Penyelamatan Lainnya,Masyarakat Telepon,Pantai Sakura,Pulau Untung Jawa,Kep. Seribu Selatan, Kab. Administrasi Kep. Seribu,0,0,,
2020-11-01,Penyelamatan,Pohon Tumbang,Masyarakat Telepon,Jl. Bougenville,Pulau Untung Jawa,Kep. Seribu Selatan, Kab. Administrasi Kep. Seribu,0,0,,
2020-11-01,Kebakaran,Bencana Kebakaran,Masyarakat Telepon,Jl. Rorotan No. 42,Rorotan,Cilincing, Kota Administrasi Jakarta Utara,0,1000000,,
2020-11-01,Penyelamatan,Pohon Tumbang,Masyarakat Telepon,Jl. Kapuas V No. 284,Semper Barat,Cilincing, Kota Administrasi Jakarta Utara,0,0,,
2020-11-01,Penyelamatan,Pengendalian Hewan,Masyarakat Telepon,Jl. Kelapa Nias 10 PE3 No. 16,Pegangsaan Dua,Kelapa Gading, Kota Administrasi Jakarta Utara,0,0,,
2020-11-01,Penyelamatan,Pengendalian Hewan,Petugas Instansi Lain,Komplek Perum Pelindo 2,Cilincing,Cilincing, Kota Administrasi Jakarta Utara,0,0,,
2020-11-01,Penyelamatan,Pengendalian Hewan,Masyarakat Datang,Jl. KH Mas mansyur,Kebon Kacang,Tanah Abang, Kota Administrasi Jakarta Pusat,0,0,,
2020-11-01,Kebakaran,Bencana Kebakaran,Masyarakat Telepon,Jl. Tebet Timur 1 No. 16,Tebet Timur,Tebet, Kota Administrasi Jakarta Selatan,0,0,,
2020-11-01,Kebakaran,Bencana Kebakaran,Petugas Pemadam,Jl. Swadaya Gg. Servis,Lubang Buaya,Cipayung, Kota Administrasi Jakarta Timur,1,10000000,,
2020-11-01,Kebakaran,Bencana Kebakaran,Masyarakat Datang,Jl. Raya Pondok Gede,Pinang Ranti,Makasar, Kota Administrasi Jakarta Timur,2,150000000,,
2020-11-01,Penyelamatan,Operasi Penyelamatan Lainnya,Petugas Instansi Lain,Jl. Saraswati No. 21,Cipete Utara,Kebayoran Baru, Kota Administrasi Jakarta Selatan,0,0,,
2020-11-01,Kebakaran,Bencana Kebakaran,Masyarakat Datang,Jl. Tegal Parang Selatan V No. 21,Tegal parang,Mampang Prapatan, Kota Administrasi Jakarta Selatan,1,30000000,,
2020-11-01,Kebakaran,Bencana Kebakaran,Masyarakat Datang,Jl. RS Fatmawati Raya  Banjarsari II,Cilandak barat,Cilandak, Kota Administrasi Jakarta Selatan,0,0,,
2020-11-01,Penyelamatan,Pengendalian Hewan,Masyarakat Datang,Jl. Duren Tiga Raya No. 12,Duren Tiga,Pancoran, Kota Administrasi Jakarta Selatan,0,0,,
2020-11-01,Penyelamatan,Pengendalian Hewan,Masyarakat Telepon,Kampung Sawah Lebak Wangi,Kebayoran lama Selatan,Kebayoran Lama, Kota Administrasi Jakarta Selatan,0,0,,
2020-11-01,Penyelamatan,Operasi Penyelamatan Lainnya,Masyarakat Telepon,Pondok Karya III No. 3,Pela Mampang,Mampang Prapatan, Kota Administrasi Jakarta Selatan,0,0,,
2020-11-01,Kebakaran,Bencana Kebakaran,Masyarakat Datang,Jl Angke Indah  Raya,Angke,Tambora, Kota Administrasi Jakarta Barat,20,2500000000,,
2020-11-01,Penyelamatan,Pohon Tumbang,Masyarakat Datang, Jl. Kelapa Sawit Raya ,Pondok Kelapa,Duren Sawit, Kota Administrasi Jakarta Timur,0,0,,
2020-11-01,Penyelamatan,Pohon Tumbang,Masyarakat Datang,Jl. Saibun gg lapangan Bola,susukan,Ciracas, Kota Administrasi Jakarta Timur,0,0,,
2020-11-02,Penyelamatan,Evakuasi Banjir / Penyelamatan Air ,Masyarakat Telepon,"Jl. Pondok Karya III, No. 3",Pela Mampang,Mampang Prapatan, Kota Administrasi Jakarta Selatan,0,0,,
2020-11-02,Penyelamatan,Pengendalian Hewan,Petugas Instansi Lain,Jl. Gedung Olah Raga/ Aula Kelurahan Papanggo,Papanggo,Tanjung Priok, Kota Administrasi Jakarta Utara,0,0,,
2020-11-02,Penyelamatan,Pohon Tumbang,Masyarakat Datang,Pulau Karya,Pulau Panggang,Kep. Seribu Utara, Kab. Administrasi Kep. Seribu,0,0,,
2020-11-02,Bantuan Operasi,Kesiagaan/Penjagaan,Petugas Instansi Lain,Jl. Ampera Raya,Cilandak Timur,Pasar Minggu, Kota Administrasi Jakarta Selatan,0,0,,
2020-11-02,Penyelamatan,Pengendalian Hewan,Masyarakat Telepon,"Jl. Ananta Raya, Blok F6, No. 14",Semper Barat,Cilincing, Kota Administrasi Jakarta Utara,0,0,,
2020-11-02,Penyelamatan,Pengendalian Hewan,Masyarakat Datang,Jl. Ksatria 1,Kebon Manggis,Matraman, Kota Administrasi Jakarta Timur,0,0,,
2020-11-02,Penyelamatan,Pengendalian Hewan,Masyarakat Datang,Jl. Masjid,Susukan,Ciracas, Kota Administrasi Jakarta Timur,0,0,,
2020-11-02,Penyelamatan,Operasi Penyelamatan Lainnya,Masyarakat Datang,"Jl. Matraman Raya, No. 132 (Kantor Sudin Guklkarmat Jakarta Timur)",Kebon Manggis,Matraman, Kota Administrasi Jakarta Timur,0,0,,
2020-11-02,Penyelamatan,Evakuasi Banjir / Penyelamatan Air ,Petugas Pemadam,Jl. Slamet Riyadi (Aliran Sungai Ciliwung),Kebon Manggis,Matraman, Kota Administrasi Jakarta Timur,0,0,,
2020-11-02,Penyelamatan,Pengendalian Hewan,Masyarakat Telepon,Jl. Sunter Jaya 1 No. 1,Sunter Jaya,Tanjung Priok, Kota Administrasi Jakarta Utara,0,0,,
2020-11-02,Bantuan Operasi,Kesiagaan/Penjagaan,Petugas Instansi Lain,Jl. Medan Merdeka Barat,Gambir ,Gambir, Kota Administrasi Jakarta Pusat,0,0,,
2020-11-02,Bantuan Operasi,Kesiagaan/Penjagaan,Petugas Instansi Lain,Jl. MH. Thamrin,Gambir ,Gambir, Kota Administrasi Jakarta Pusat,0,0,,
2020-11-02,Bantuan Operasi,Kesiagaan/Penjagaan,Petugas Instansi Lain,Jl. Gatot Subroto No. 1,Gelora,Tanah Abang, Kota Administrasi Jakarta Pusat,0,0,,
2020-11-02,Bantuan Operasi,Kesiagaan/Penjagaan,Petugas Instansi Lain,Jl. MH. Thamrin,Gondangdia,Menteng, Kota Administrasi Jakarta Pusat,0,0,,
2020-11-02,Kebakaran,Bencana Kebakaran,Masyarakat Telepon,"Jl. Melur Tugu Raya IV, No. 12",Tugu Utara,Koja, Kota Administrasi Jakarta Utara,0,1000000,,
2020-11-02,Penyelamatan,Pengendalian Hewan,Masyarakat Telepon,"Jl. Tebet Barat VIB, No. 19",Tebet Barat,Tebet, Kota Administrasi Jakarta Selatan,0,0,,
2020-11-02,Penyelamatan,Pengendalian Hewan,Masyarakat Telepon,"Jl. Aselih, No. 133",Cipedak,Jagakarsa, Kota Administrasi Jakarta Selatan,0,0,,
2020-11-02,Kebakaran,Bencana Kebakaran,Masyarakat Telepon,Jl. Daan Mogot Raya,Wijaya Kusuma,Grogol Petamburan, Kota Administrasi Jakarta Barat,0,50000000,,
2020-11-02,Penyelamatan,Evakuasi Banjir / Penyelamatan Air ,Petugas Pemadam,"Jl. Bakti (Banjir Kanal Barat, Samping Roxy Square)",Cideng,Gambir, Kota Administrasi Jakarta Pusat,0,0,,
2020-11-02,Penyelamatan,Penyelamatan Beda Ketinggian,Petugas Instansi Lain,Jl. Jend. Sudirman (Depan Stasiun MRT Dukuh Atas),Kebon Melati,Tanah Abang, Kota Administrasi Jakarta Pusat,0,0,,
2020-11-03,Penyelamatan,Pengendalian Hewan,Masyarakat Telepon,"Jl. Raya Condet, Gg. Ani, No. 8",Cililitan,Kramat Jati, Kota Administrasi Jakarta Timur,0,0,,
2020-11-03,Penyelamatan,Pohon Tumbang,Petugas Pemadam,Jl. Dirgantara III (Samping Lapangan Bola),Halim Perdana Kusuma,Makasar, Kota Administrasi Jakarta Timur,0,0,,
2020-11-02,Bantuan Operasi,Kerja Bakti,Petugas Instansi Lain,Jl. Boulevard Raya,Kelapa Gading Barat,Kelapa Gading, Kota Administrasi Jakarta Utara,0,0,,
2020-11-03,Kebakaran,Bencana Kebakaran,Petugas Instansi Lain,Jl. Kemang Selatan No. 2,Cilandak Timur,Pasar Minggu, Kota Administrasi Jakarta Selatan,0,300000000,,
2020-11-03,Penyelamatan,Pengendalian Hewan,Masyarakat Telepon,Jl. H. Sidun No..73,Pinang Ranti,Makasar, Kota Administrasi Jakarta Timur,0,0,,
2020-11-03,Penyelamatan,Pengendalian Hewan,Masyarakat Telepon,Jl. Kayu Manis VI No.. 26,Kayu Manis,Matraman, Kota Administrasi Jakarta Timur,0,0,,
2020-11-03,Kebakaran,Bencana Kebakaran,Petugas Pemadam,Jl. Pembina II,Pal Meriam,Matraman, Kota Administrasi Jakarta Timur,1,50000000,,
2020-11-03,Kebakaran,Bencana Kebakaran,Petugas Instansi Lain,Jl. Pendaratan Udang No.. 10 ( PT. Multi Rejeki ),Pluit,Penjaringan, Kota Administrasi Jakarta Utara,0,10000000,,
2020-11-03,Kebakaran,Bencana Kebakaran,Jakarta Siaga 112,Ruko Ex AURI Blok C No.. 31,Kampung Bali,Tanah Abang, Kota Administrasi Jakarta Pusat,0,20000000,,
2020-11-03,Kebakaran,Bencana Kebakaran,Masyarakat Telepon,Jl. Rajawali Selatan I,Gunung Sahari Utara,Sawah Besar, Kota Administrasi Jakarta Pusat,0,5000000,,
2020-11-03,Penyelamatan,Pengendalian Hewan,Masyarakat Telepon,Jl. Madukara No..5,Makasar,Makasar, Kota Administrasi Jakarta Timur,0,0,,
2020-11-03,Penyelamatan,Pengendalian Hewan,Masyarakat Telepon,Jl. Prapanca Raya ( Danau Kantor Walikota ),Petogogan,Kebayoran Baru, Kota Administrasi Jakarta Selatan,0,0,,
2020-11-03,Penyelamatan,Pengendalian Hewan,Masyarakat Telepon,Jl. H. Baping Gg. Damai No..2,susukan,Ciracas, Kota Administrasi Jakarta Timur,0,0,,
2020-11-03,Kebakaran,Bencana Kebakaran,Petugas Pemadam,Dalam tol JORR Lebak Bulus arah Pasar Rebo ( depan ASTON ) Jl. TB. Simatupang,Kebagusan,Pasar Minggu, Kota Administrasi Jakarta Selatan,0,150000000,,
2020-11-04,Kebakaran,Bencana Kebakaran,Masyarakat Telepon,Jl. Bakti VI,Cilincing,Cilincing, Kota Administrasi Jakarta Utara,1,0,,
2020-11-03,Penyelamatan,Pengendalian Hewan,Masyarakat Telepon,Jl. jatipadang,Jagakarsa,Jagakarsa, Kota Administrasi Jakarta Selatan,0,0,,
2020-11-03,Bantuan Operasi,Kerja Bakti,Masyarakat Telepon,Jl. TMP Kalibata,Rawajati,Pancoran, Kota Administrasi Jakarta Selatan,0,0,,
2020-11-03,Kebakaran,Bencana Kebakaran,Jakarta Siaga 112,Jl. Baladewa raya,Tanah Tinggi,Johar Baru, Kota Administrasi Jakarta Pusat,0,2000000,,
2020-11-03,Penyelamatan,Pengendalian Hewan,Masyarakat Telepon,Jl. Kawi Raya,Guntur,Setiabudi, Kota Administrasi Jakarta Selatan,0,0,,
2020-11-04,Kebakaran,Bencana Kebakaran,Petugas Instansi Lain,Jl. Hayam Wuruk ( Kebon Jeruk VII ),maphar,Tamansari, Kota Administrasi Jakarta Barat,0,0,,
2020-11-04,Kebakaran,Bencana Kebakaran,Masyarakat Telepon,Jl. Duren Sawit baru No. 2,Pondok Bambu,Duren Sawit, Kota Administrasi Jakarta Timur,0,0,,
2020-11-04,Penyelamatan,Pengendalian Hewan,Masyarakat Telepon,Jl.Lontar Taman No. 05,Tugu Utara,Koja, Kota Administrasi Jakarta Utara,0,0,,
2020-11-04,Penyelamatan,Pengendalian Hewan,Masyarakat Telepon,Jl. Taman Impian Jaya Ancol,Ancol,Pademangan, Kota Administrasi Jakarta Utara,0,0,,
2020-11-04,Penyelamatan,Pengendalian Hewan,Petugas Instansi Lain,Kantor Kelurahan Papanggo,Papanggo,Tanjung Priok, Kota Administrasi Jakarta Utara,0,0,,
2020-11-04,Penyelamatan,Pengendalian Hewan,Petugas Instansi Lain,Jl. Cilandak Timur KKO No. 17,Cilandak Timur,Pasar Minggu, Kota Administrasi Jakarta Selatan,0,0,,
2020-11-04,Penyelamatan,Pohon Tumbang,Masyarakat Datang,Jl. Benda Bawah,Cilandak Timur,Pasar Minggu, Kota Administrasi Jakarta Selatan,0,0,,
2020-11-04,Kebakaran,Bencana Kebakaran,Masyarakat Telepon,Jl. Punawarman,Selong,Kebayoran Baru, Kota Administrasi Jakarta Selatan,0,0,,
2020-11-04,Kebakaran,Bencana Kebakaran,Masyarakat Datang,Rukan Sentra Pemuda Rawamangun,Rawamangun,Pulogadung, Kota Administrasi Jakarta Timur,0,500000,,
2020-11-04,Penyelamatan,Pengendalian Hewan,Masyarakat Datang,Bina Sarana Informatika Jl. Dewi Sartika No. 289,Cawang,Kramat Jati, Kota Administrasi Jakarta Timur,0,0,,
2020-11-05,Penyelamatan,Pengendalian Hewan,Masyarakat Datang,"Jl. Kelapa Sawit, Blok H, No. 9",Pondok Kelapa,Duren Sawit, Kota Administrasi Jakarta Timur,0,0,,
2020-11-05,Bantuan Operasi,Kerja Bakti,Petugas Instansi Lain,Jl. Jatibaru Raya - Tanah Rendah,Kampung Bali,Tanah Abang, Kota Administrasi Jakarta Pusat,0,0,,
2020-11-05,Penyelamatan,Pohon Tumbang,Petugas Pemadam,Jl. HBR Motik,Kebon Kosong,Kemayoran, Kota Administrasi Jakarta Pusat,0,0,,
2020-11-05,Penyelamatan,Operasi Penyelamatan Lainnya,Masyarakat Datang,Jl. Saluran Inspeksi Kalimalang (Sektor V Duren Sawit),Pondok Kelapa,Duren Sawit, Kota Administrasi Jakarta Timur,0,0,,
2020-11-05,Bantuan Operasi,Kerja Bakti,Petugas Pemadam,Jl. Kepu,Pegangsaan Dua,Kelapa Gading, Kota Administrasi Jakarta Utara,0,0,,
2020-11-05,Penyelamatan,Pengendalian Hewan,Masyarakat Telepon,Jl. Tanjung Barat Raya,Pasar Minggu,Pasar Minggu, Kota Administrasi Jakarta Selatan,0,0,,
2020-11-05,Penyelamatan,Pengendalian Hewan,Masyarakat Telepon,Jl. Aminah,Bintaro,Pesanggrahan, Kota Administrasi Jakarta Selatan,0,0,,
2020-11-05,Penyelamatan,Pengendalian Hewan,Masyarakat Telepon,"Jl. Pondok Jaya III, No. 15A",Pela Mampang,Mampang Prapatan, Kota Administrasi Jakarta Selatan,0,0,,
2020-11-05,Penyelamatan,Pengendalian Hewan,Petugas Instansi Lain,Jl. Sukabumi Selatan Raya,Sukabumi Selatan,Kebun Jeruk, Kota Administrasi Jakarta Barat,0,0,,
2020-11-05,Penyelamatan,Pengendalian Hewan,Masyarakat Telepon,"Jl. Jeruk Manis Raya, No. 30",Kebon Jeruk,Kebun Jeruk, Kota Administrasi Jakarta Barat,0,0,,
2020-11-05,Bantuan Operasi,Kesiagaan/Penjagaan,Petugas Instansi Lain,Jl. Raya Tanjung Barat (Poltangen),Pejaten Timur,Pasar Minggu, Kota Administrasi Jakarta Selatan,0,0,,
2020-11-05,Kebakaran,Bencana Kebakaran,Masyarakat Telepon,Gg. Asem,Ciracas,Ciracas, Kota Administrasi Jakarta Timur,0,0,,
2020-11-06,Kebakaran,Bencana Kebakaran,Masyarakat Datang,"Jl. Joglo Baru, No. 159",Joglo,Kembangan, Kota Administrasi Jakarta Barat,0,0,,
2020-11-06,Kebakaran,Bencana Kebakaran,Masyarakat Telepon,Jl. Komplek HANKAM Cidodol,Grogol selatan,Kebayoran Lama, Kota Administrasi Jakarta Selatan,0,500000,,
2020-11-06,Penyelamatan,Pengendalian Hewan,Masyarakat Telepon,Jl. Pinang Kalijati,Pondok Labu,Cilandak, Kota Administrasi Jakarta Selatan,0,0,,
2020-11-06,Penyelamatan,Pengendalian Hewan,Masyarakat Telepon,Jl. Lebak Empang No..19,Cijantung,Pasar Rebo, Kota Administrasi Jakarta Timur,0,0,,
2020-11-06,Penyelamatan,Pengendalian Hewan,Masyarakat Telepon,Jl. Garuda I ( Komp. JTS B2 ),Gunung Sahari Selatan,Kemayoran, Kota Administrasi Jakarta Pusat,0,0,,
2020-11-06,Kebakaran,Bencana Kebakaran,Masyarakat Telepon,Jl. Srengseng Dalam,Srengseng,Kembangan, Kota Administrasi Jakarta Barat,0,0,,
2020-11-06,Penyelamatan,Pengendalian Hewan,Masyarakat Telepon,Jl. Adiyaksa VIII No..32,Lebak Bulus,Cilandak, Kota Administrasi Jakarta Selatan,0,0,,
2020-11-06,Penyelamatan,Pengendalian Hewan,Masyarakat Telepon,Jl. Jati Padang baru,Jatipadang,Pasar Minggu, Kota Administrasi Jakarta Selatan,0,0,,
2020-11-06,Penyelamatan,Operasi Penyelamatan Lainnya,Masyarakat Telepon,Jl. Guru Sri,kalisari,Pasar Rebo, Kota Administrasi Jakarta Timur,0,0,,
2020-11-06,Penyelamatan,Operasi Penyelamatan Lainnya,Masyarakat Datang,Jl. Imam Mahbud ( SUDIN PUSAT ),Duri Pulo,Gambir, Kota Administrasi Jakarta Pusat,0,0,,
2020-11-06,Penyelamatan,Pengendalian Hewan,Petugas Instansi Lain,Jl. Melawai XI No..191,Melawai,Kebayoran Baru, Kota Administrasi Jakarta Selatan,0,0,,
2020-11-06,Penyelamatan,Pengendalian Hewan,Masyarakat Telepon,PT. Mellco Indopharma,Ciracas,Ciracas, Kota Administrasi Jakarta Timur,0,0,,
2020-11-06,Penyelamatan,Pengendalian Hewan,Masyarakat Telepon,Jl. Janur Hijau Raya Blok TK.2 No..7,Kelapa Gading Timur,Kelapa Gading, Kota Administrasi Jakarta Utara,0,0,,
2020-11-06,Penyelamatan,Pengendalian Hewan,Masyarakat Telepon,Jl. Pal Merah Utara IV,Gelora,Tanah Abang, Kota Administrasi Jakarta Pusat,0,0,,
2020-11-06,Penyelamatan,Pengendalian Hewan,Masyarakat Telepon,Jl.langgar,Duren Tiga,Pancoran, Kota Administrasi Jakarta Selatan,0,0,,
2020-11-06,Penyelamatan,Pengendalian Hewan,Masyarakat Telepon,Jl.Duren Tiga Raya no 102,Duren Tiga,Pancoran, Kota Administrasi Jakarta Selatan,0,0,,
2020-11-06,Penyelamatan,Pengendalian Hewan,Masyarakat Telepon,"Jl.Kemang Selatan IX, No.12A",Bangka,Mampang Prapatan, Kota Administrasi Jakarta Selatan,0,0,,
2020-11-06,Bantuan Operasi,Kesiagaan/Penjagaan,Petugas Pemadam,Jln. Kemang raya,Bangka,Mampang Prapatan, Kota Administrasi Jakarta Selatan,0,0,,
2020-11-07,Penyelamatan,Operasi Penyelamatan Lainnya,Masyarakat Telepon,Jl. Sindang Terusan ( RUSUNAWA ),Koja,Koja, Kota Administrasi Jakarta Utara,0,1000000,,
2020-11-06,Penyelamatan,Evakuasi Banjir / Penyelamatan Air ,Petugas Pemadam,Kp. Rawadas No..4,Pondok Kopi,Duren Sawit, Kota Administrasi Jakarta Timur,0,0,,
2020-11-07,Penyelamatan,Pengendalian Hewan,Masyarakat Datang,"Klinik Amore, Jl. Pejaten Raya Blok A No. 21",Pasar Minggu,Pasar Minggu, Kota Administrasi Jakarta Selatan,0,0,,
2020-11-07,Penyelamatan,Pengendalian Hewan,Masyarakat Telepon,Jl. Cikoko Barat Dalam I No. 43,Cikoko,Pancoran, Kota Administrasi Jakarta Selatan,0,0,,
2020-11-07,Kebakaran,Bencana Kebakaran,Masyarakat Telepon,Jl. Ulujami Raya,Ulujami,Pesanggrahan, Kota Administrasi Jakarta Selatan,1,0,,
2020-11-07,Penyelamatan,Pengendalian Hewan,Masyarakat Telepon,Pulau Tidung,Pulau tidung,Kep. Seribu Selatan, Kab. Administrasi Kep. Seribu,0,0,,
2020-11-07,Kebakaran,Bencana Kebakaran,Masyarakat Telepon,Jl. Kp Bakti Samping Iic Roxy,Cideng,Gambir, Kota Administrasi Jakarta Pusat,40,1440000000,,
2020-11-07,Kebakaran,Bencana Kebakaran,Masyarakat Datang,Jl. M Kahfi I,Jagakarsa,Jagakarsa, Kota Administrasi Jakarta Selatan,0,5000000,,
2020-11-08,Kebakaran,Bencana Kebakaran,Masyarakat Telepon,Jl. Lebak bulus IV No. 7a-b,Lebak bulus,Cilandak, Kota Administrasi Jakarta Selatan,0,0,,
2020-11-07,Kebakaran,Bencana Kebakaran,Masyarakat Telepon,Jl.Puri Agung No.1,Kembangan Selatan,Kembangan, Kota Administrasi Jakarta Barat,0,30000000,,
2020-11-07,Penyelamatan,Operasi Penyelamatan Lainnya,Masyarakat Datang,"Jl. Matraman Raya, No. 132 (Kantor Sudin Guklkarmat Jakarta Timur)",Kebon Manggis,Matraman, Kota Administrasi Jakarta Timur,0,0,,
2020-11-08,Penyelamatan,Pengendalian Hewan,Masyarakat Telepon,"Jl. Arjuna, No. A8 (Dirgantara 3)",Halim Perdana Kusuma,Makasar, Kota Administrasi Jakarta Timur,0,0,,
2020-11-08,Penyelamatan,Pohon Tumbang,Petugas Pemadam,Jl. Mayjend Sutoyo,Cililitan,Kramat Jati, Kota Administrasi Jakarta Timur,0,0,,
2020-11-08,Penyelamatan,Pohon Tumbang,Petugas Instansi Lain,Jl. Mayjend Sutoyo,Cawang,Kramat Jati, Kota Administrasi Jakarta Timur,0,3000000,,
2020-11-08,Penyelamatan,Pengendalian Hewan,Masyarakat Telepon,"Jl. Taman Marinir Selatan, Blok AF 13 (Kav. Marinir)",Pondok Kelapa,Duren Sawit, Kota Administrasi Jakarta Timur,0,0,,
2020-11-08,Penyelamatan,Pengendalian Hewan,Masyarakat Telepon,Jl. Setu,Cilangkap,Cipayung, Kota Administrasi Jakarta Timur,0,0,,
2020-11-08,Penyelamatan,Pengendalian Hewan,Masyarakat Datang,Jl. Sukasari,Harapan Mulia,Kemayoran, Kota Administrasi Jakarta Pusat,0,0,,
2020-11-08,Penyelamatan,Pengendalian Hewan,Masyarakat Datang,"Jl. Kejaksaan VI, Blok E 107",Pondok Bambu,Duren Sawit, Kota Administrasi Jakarta Timur,0,0,,
2020-11-08,Kebakaran,Bencana Kebakaran,Masyarakat Datang,Jl. Manunggal ,Lubang Buaya,Cipayung, Kota Administrasi Jakarta Timur,0,0,,
2020-11-08,Bantuan Operasi,Kerja Bakti,Petugas Pemadam,Jl. Galur Selatan,Galur,Johar Baru, Kota Administrasi Jakarta Pusat,0,0,,
2020-11-08,Bantuan Operasi,Kerja Bakti,Petugas Pemadam,Jl. Pulo Gundul,Kampung Rawa,Johar Baru, Kota Administrasi Jakarta Pusat,0,0,,
2020-11-08,Bantuan Operasi,Kerja Bakti,Petugas Pemadam,Jl. Prapatan baru,Senen,Senen, Kota Administrasi Jakarta Pusat,0,0,,
2020-11-08,Bantuan Operasi,Kerja Bakti,Petugas Pemadam,Jl. Kebon Pala 3,Kebon Melati,Tanah Abang, Kota Administrasi Jakarta Pusat,0,0,,
2020-11-08,Bantuan Operasi,Kerja Bakti,Petugas Pemadam,Jl. Anyer,Menteng,Menteng, Kota Administrasi Jakarta Pusat,0,0,,
2020-11-08,Bantuan Operasi,Kerja Bakti,Petugas Pemadam,Jl. Ahmad Yani,Cempaka Putih Timur,Cempaka Putih, Kota Administrasi Jakarta Pusat,0,0,,
2020-11-08,Bantuan Operasi,Kerja Bakti,Petugas Pemadam,Jl. Dwi Warna,Kartini,Sawah Besar, Kota Administrasi Jakarta Pusat,0,0,,
2020-11-08,Bantuan Operasi,Kerja Bakti,Petugas Pemadam,Jl. Gardu Asem,Kemayoran,Kemayoran, Kota Administrasi Jakarta Pusat,0,0,,
2020-11-08,Bantuan Operasi,Kerja Bakti,Petugas Instansi Lain,Jl. Tanjung Selor,Cideng,Gambir, Kota Administrasi Jakarta Pusat,0,0,,
2020-11-08,Penyelamatan,Pengendalian Hewan,Masyarakat Datang,Jl. Rawadas,Pondok Kopi,Duren Sawit, Kota Administrasi Jakarta Timur,0,0,,
2020-11-08,Kebakaran,Bencana Kebakaran,Petugas Instansi Lain,Jl. Jabir,Ragunan,Pasar Minggu, Kota Administrasi Jakarta Selatan,0,0,,
2020-11-08,Penyelamatan,Pengendalian Hewan,Masyarakat Telepon,Jl. Garnisun 1 (Hotel Aryaduta),Karet Semanggi,Setiabudi, Kota Administrasi Jakarta Selatan,0,0,,
2020-11-08,Penyelamatan,Pengendalian Hewan,Masyarakat Telepon,Jl. Delman Utama,Kebayoran Lama Utara,Kebayoran Lama, Kota Administrasi Jakarta Selatan,0,0,,
2020-11-08,Penyelamatan,Pengendalian Hewan,Masyarakat Telepon,Jl. Jatipadang Raya,Jatipadang,Pasar Minggu, Kota Administrasi Jakarta Selatan,0,0,,
2020-11-08,Penyelamatan,Penyelamatan Transportasi,Masyarakat Telepon,"Jl. Ciputat Raya (Pertigaan Gintung), Kel. Rempoa, Kec. Ciputat Timur, Tangsel",Tangerang,Tangerang,Kota Tangerang,0,0,,
2020-11-08,Penyelamatan,Pohon Tumbang,Masyarakat Telepon,Jl. Brigif Raya,Cipedak,Jagakarsa, Kota Administrasi Jakarta Selatan,0,0,,
2020-11-08,Penyelamatan,Pohon Tumbang,Masyarakat Telepon,"Komplek DPR, Blok F",Rawajati,Pancoran, Kota Administrasi Jakarta Selatan,0,0,,
2020-11-08,Penyelamatan,Pohon Tumbang,Masyarakat Telepon,Jl. Raya Kalibata (Depan Kalibata Mall),Rawajati,Pancoran, Kota Administrasi Jakarta Selatan,0,0,,
2020-11-08,Penyelamatan,Pohon Tumbang,Petugas Instansi Lain,Jl. Raya Kampus Stekpi (Depan Komp. DPR Blok A),Rawajati,Pancoran, Kota Administrasi Jakarta Selatan,0,0,,
2020-11-08,Bantuan Operasi,Bantuan Operasi Lainnya,Petugas Instansi Lain,Jl. NIS Jeruk Purut ,Cilandak Timur,Pasar Minggu, Kota Administrasi Jakarta Selatan,0,0,,
2020-11-08,Bantuan Operasi,Bantuan Operasi Lainnya,Petugas Instansi Lain,Komplek Jatipadang Baru,Jatipadang,Pasar Minggu, Kota Administrasi Jakarta Selatan,0,0,,
2020-11-08,Bantuan Operasi,Bantuan Operasi Lainnya,Petugas Instansi Lain,"Jl. Kebagusan III, Jl. Kebagusan Besar, Jl. Waru dan Jl. Sepat",Kebagusan,Pasar Minggu, Kota Administrasi Jakarta Selatan,0,0,,
2020-11-08,Bantuan Operasi,Bantuan Operasi Lainnya,Petugas Instansi Lain,Lingkungan Kelurahan Pejaten Timur,Pejaten Timur,Pasar Minggu, Kota Administrasi Jakarta Selatan,0,0,,
2020-11-08,Bantuan Operasi,Bantuan Operasi Lainnya,Petugas Instansi Lain,"Jl. Masjid AL Hidayah, Jl. Jambu",Pejaten Barat,Pasar Minggu, Kota Administrasi Jakarta Selatan,0,0,,
2020-11-08,Bantuan Operasi,Bantuan Operasi Lainnya,Petugas Instansi Lain,"Jl. Abah, Jl. Sacho dan Ragunan Pintu Barat",Ragunan,Pasar Minggu, Kota Administrasi Jakarta Selatan,0,0,,
2020-11-08,Bantuan Operasi,Kerja Bakti,Petugas Instansi Lain,Lingkungan Kelurahan Ciganjur,Ciganjur,Jagakarsa, Kota Administrasi Jakarta Selatan,0,0,,
2020-11-08,Bantuan Operasi,Kerja Bakti,Petugas Instansi Lain,Lingkungan Kelurahan Pasar Minggu,Pasar Minggu,Pasar Minggu, Kota Administrasi Jakarta Selatan,0,0,,
2020-11-08,Bantuan Operasi,Kerja Bakti,Petugas Instansi Lain,Jl. Samudra,Cipulir,Kebayoran Lama, Kota Administrasi Jakarta Selatan,0,0,,
2020-11-08,Bantuan Operasi,Kerja Bakti,Petugas Instansi Lain,Lingkungan Kelurahan Pejaten Timur,Pejaten Timur,Pasar Minggu, Kota Administrasi Jakarta Selatan,0,0,,
2020-11-08,Bantuan Operasi,Kerja Bakti,Petugas Instansi Lain,Jl. Adam Malik,Ulujami,Pesanggrahan, Kota Administrasi Jakarta Selatan,0,0,,
2020-11-08,Bantuan Operasi,Kerja Bakti,Petugas Instansi Lain,Jl. Taman Sari 1,Lebak bulus,Cilandak, Kota Administrasi Jakarta Selatan,0,0,,
2020-11-08,Bantuan Operasi,Kerja Bakti,Petugas Instansi Lain,Jl. Keselamatan Ujung,Manggarai Selatan,Tebet, Kota Administrasi Jakarta Selatan,0,0,,
2020-11-08,Bantuan Operasi,Kerja Bakti,Petugas Instansi Lain,Jl. Tirtayasa II,Melawai,Kebayoran Baru, Kota Administrasi Jakarta Selatan,0,0,,
2020-11-08,Penyelamatan,Operasi Penyelamatan Lainnya,Masyarakat Datang,Jl. Raya Kembangan (Kantor Sektor Gulkarmat Kembangan),Kembangan Selatan,Kembangan, Kota Administrasi Jakarta Barat,0,0,,
2020-11-09,Penyelamatan,Pengendalian Hewan,Masyarakat Telepon,Jl. Jatipadang raya Gg. H. F. Saibun No..57,Jatipadang,Pasar Minggu, Kota Administrasi Jakarta Selatan,0,0,,
2020-11-09,Penyelamatan,Pengendalian Hewan,Masyarakat Telepon,Jl. Hadiah utama raya,Jelambar,Grogol Petamburan, Kota Administrasi Jakarta Barat,0,0,,
2020-11-09,Penyelamatan,Pengendalian Hewan,Masyarakat Telepon,Jl. A1 Teluk Gong,Pejagalan,Penjaringan, Kota Administrasi Jakarta Utara,0,0,,
2020-11-09,Penyelamatan,Pengendalian Hewan,Jakarta Siaga 112,Jl. Bakti II No.. 30,Cipinang Melayu,Makasar, Kota Administrasi Jakarta Timur,0,0,,
2020-11-09,Penyelamatan,Pengendalian Hewan,Masyarakat Telepon,Kp. Rawa lele dalam,Kalideres,Kalideres, Kota Administrasi Jakarta Barat,0,0,,
2020-11-09,Penyelamatan,Pengendalian Hewan,Masyarakat Telepon,Kp. Rawa lele dalam Blok O2,Kalideres,Kalideres, Kota Administrasi Jakarta Barat,0,0,,
2020-11-09,Penyelamatan,Pengendalian Hewan,Masyarakat Telepon,Jl. Nangka Gg. SDN 07 No..15,Tanjung Barat,Jagakarsa, Kota Administrasi Jakarta Selatan,0,0,,
2020-11-09,Penyelamatan,Pengendalian Hewan,Masyarakat Telepon,Jl. Menteng Pulo No..1,Menteng atas,Setiabudi, Kota Administrasi Jakarta Selatan,0,0,,
2020-11-09,Penyelamatan,Pengendalian Hewan,Masyarakat Telepon,Jl. Terogong I No..42,Cilandak Barat,Cilandak, Kota Administrasi Jakarta Selatan,0,0,,
2020-11-09,Penyelamatan,Pengendalian Hewan,Masyarakat Telepon,Jl. H. Saikin,Pondok Pinang,Kebayoran Lama, Kota Administrasi Jakarta Selatan,0,0,,
2020-11-09,Kebakaran,Bencana Kebakaran,Petugas Instansi Lain,Jl. Tanah Abang II,Petojo Utara,Gambir, Kota Administrasi Jakarta Pusat,0,15000000,,
2020-11-10,Penyelamatan,Operasi Penyelamatan Lainnya,Masyarakat Datang,Jl. Salihara I ,Jatipadang,Pasar Minggu, Kota Administrasi Jakarta Selatan,0,0,,
2020-11-09,Bantuan Operasi,Kesiagaan/Penjagaan,Petugas Pemadam,Jl.K.H. Moch Mansyur,Tanah Sereal,Tambora, Kota Administrasi Jakarta Barat,0,0,,
2020-11-09,Bantuan Operasi,Kesiagaan/Penjagaan,Petugas Pemadam,Jl. Kedoya Raya,Kedoya Utara,Kebun Jeruk, Kota Administrasi Jakarta Barat,0,0,,
2020-11-09,Bantuan Operasi,Kesiagaan/Penjagaan,Petugas Pemadam,Jl. Kedoya Raya ( Pertigaan Kemis ),Kedoya Utara,Kebun Jeruk, Kota Administrasi Jakarta Barat,0,0,,
2020-11-09,Bantuan Operasi,Kesiagaan/Penjagaan,Petugas Pemadam,Jl. Mampang Prapatan VIII,Tegal Parang,Mampang Prapatan, Kota Administrasi Jakarta Selatan,0,0,,
2020-11-09,Bantuan Operasi,Kesiagaan/Penjagaan,Petugas Pemadam,Jl. Kalibata Raya ,Rawajati,Pancoran, Kota Administrasi Jakarta Selatan,0,0,,
2020-11-09,Bantuan Operasi,Kesiagaan/Penjagaan,Petugas Pemadam,Hotel Kristal Jl.Trogong ,Cilandak barat,Cilandak, Kota Administrasi Jakarta Selatan,0,0,,
2020-11-10,Penyelamatan,Operasi Penyelamatan Lainnya,Masyarakat Datang,Jl. Taman Impian Jaya Ancol,Ancol,Pademangan, Kota Administrasi Jakarta Utara,0,0,,
2020-11-10,Penyelamatan,Pengendalian Hewan,Masyarakat Telepon,Jl. Pemadam No. 1 PT. Lemon Tata Graha Mas,Semper Barat,Cilincing, Kota Administrasi Jakarta Utara,0,0,,
2020-11-10,Penyelamatan,Pengendalian Hewan,Masyarakat Datang,Jl. Radio Dalam Gg. Langgar 2 No. 12,Gandaria Utara,Kebayoran Baru, Kota Administrasi Jakarta Selatan,0,0,,
2020-11-10,Penyelamatan,Pengendalian Hewan,Petugas Instansi Lain,SMA N 55 Jakarta Jl. Pohot II No. 2,Duren Tiga,Pancoran, Kota Administrasi Jakarta Selatan,0,0,,
2020-11-10,Penyelamatan,Pengendalian Hewan,Masyarakat Datang,Jl. Kayu Tinggi ,Cakung Timur,Cakung, Kota Administrasi Jakarta Timur,0,0,,
2020-11-10,Penyelamatan,Pengendalian Hewan,Masyarakat Datang,Jl. Kayu Tinggi No. 69,Cakung Timur,Cakung, Kota Administrasi Jakarta Timur,0,0,,
2020-11-10,Kebakaran,Bencana Kebakaran,Petugas Pemadam,Ruas Tol  Jagorawi KM 11 arah cawang,Kelapa Dua Wetan,Ciracas, Kota Administrasi Jakarta Timur,0,500000000,,
2020-11-11,Kebakaran,Bencana Kebakaran,Masyarakat Datang,Jl. Mayjen Sutoyo,Cawang,Kramat Jati, Kota Administrasi Jakarta Timur,0,10000000,,
2020-11-11,Kebakaran,Bencana Kebakaran,Masyarakat Datang,Jl. Cempaka Baru VII No.43,Cempaka Baru,Kemayoran, Kota Administrasi Jakarta Pusat,1,70000000,,
2020-11-11,Kebakaran,Bencana Kebakaran,Petugas Pemadam,Jl. Warun,Kebagusan,Pasar Minggu, Kota Administrasi Jakarta Selatan,0,0,,
2020-11-11,Penyelamatan,Pengendalian Hewan,Masyarakat Telepon,"Jl. Moh. Saari, No. 32",Sunter Jaya,Tanjung Priok, Kota Administrasi Jakarta Utara,0,0,,
2020-11-11,Penyelamatan,Pengendalian Hewan,Masyarakat Datang,"Cempaka Putih Timur, No. 17",Cempaka Putih Timur,Cempaka Putih, Kota Administrasi Jakarta Pusat,0,0,,
2020-11-11,Penyelamatan,Pengendalian Hewan,Petugas Instansi Lain,Jl. Pengayoman,Utan Kayu Utara,Matraman, Kota Administrasi Jakarta Timur,0,0,,
2020-11-11,Penyelamatan,Pengendalian Hewan,Masyarakat Telepon,Kp. Tambunrengas,Cakung Timur,Cakung, Kota Administrasi Jakarta Timur,0,0,,
2020-11-11,Bantuan Operasi,Kerja Bakti,Petugas Instansi Lain,Jl. Danau Sunter Barat,Sunter Agung,Tanjung Priok, Kota Administrasi Jakarta Utara,0,0,,
2020-11-11,Bantuan Operasi,Kesiagaan/Penjagaan,Petugas Instansi Lain,Jl. RC. Veteran,Bintaro,Pesanggrahan, Kota Administrasi Jakarta Selatan,0,0,,
2020-11-11,Bantuan Operasi,Kesiagaan/Penjagaan,Petugas Instansi Lain,"- Jl. Ampera Raya
- Jl. Kemang Selatan
- Jl. Madrasah",Cilandak Timur,Pasar Minggu, Kota Administrasi Jakarta Selatan,0,0,,
2020-11-11,Bantuan Operasi,Kesiagaan/Penjagaan,Petugas Instansi Lain,"Gerindra dan BRI Corporation
",Ragunan,Pasar Minggu, Kota Administrasi Jakarta Selatan,0,0,,
2020-11-11,Bantuan Operasi,Kesiagaan/Penjagaan,Petugas Instansi Lain,Jln Cikoko Timur,Cikoko,Pancoran, Kota Administrasi Jakarta Selatan,0,0,,
2020-11-11,Bantuan Operasi,Kesiagaan/Penjagaan,Petugas Instansi Lain,Jl. Jagakarsa raya ( pertigaan ubin ),Jagakarsa,Jagakarsa, Kota Administrasi Jakarta Selatan,0,0,,
2020-11-11,Penyelamatan,Pengendalian Hewan,Masyarakat Telepon,Jl. Kelapa Puan,Jagakarsa,Jagakarsa, Kota Administrasi Jakarta Selatan,0,0,,
2020-11-11,Penyelamatan,Pengendalian Hewan,Petugas Instansi Lain,"Jl. Tebet Timur II, No. 1 (SMPN 73)",Tebet Timur,Tebet, Kota Administrasi Jakarta Selatan,0,0,,
2020-11-11,Penyelamatan,Penyelamatan / Penanganan B3,Masyarakat Datang,"Jl. Mustika Ratu, No. 410",Ciracas,Ciracas, Kota Administrasi Jakarta Timur,0,0,,
2020-11-11,Kebakaran,Bencana Kebakaran,Masyarakat Telepon,"Jl. Kesadaran 1, No. 30",Cipinang Muara,Jatinegara, Kota Administrasi Jakarta Timur,0,0,,
2020-11-11,Penyelamatan,Pengendalian Hewan,Masyarakat Telepon,"Jl. Hang Jebat II, No. 25",Gunung,Kebayoran Baru, Kota Administrasi Jakarta Selatan,0,0,,
2020-11-11,Penyelamatan,Pengendalian Hewan,Masyarakat Telepon,"Jl. Opu, No. 97/101",Lenteng Agung,Jagakarsa, Kota Administrasi Jakarta Selatan,0,0,,
2020-11-12,Kebakaran,Bencana Kebakaran,Masyarakat Telepon,Jl. Pluit Utara Raya,Pluit,Penjaringan, Kota Administrasi Jakarta Utara,0,0,,
2020-11-12,Kebakaran,Bencana Kebakaran,Masyarakat Datang,Pasar Blok B Tanah Abang,Kampung Bali,Tanah Abang, Kota Administrasi Jakarta Pusat,0,30000000,,
2020-11-12,Penyelamatan,Pengendalian Hewan,Masyarakat Datang,"Jl. Kayu Manis Lama Gang V, SD 01 Pal Meriam",Pal Meriam,Matraman, Kota Administrasi Jakarta Timur,0,0,,
2020-11-12,Penyelamatan,Pengendalian Hewan,Jakarta Siaga 112,Jl. Batu Tulis 13 No..26,kebon kelapa ,Gambir, Kota Administrasi Jakarta Pusat,0,0,,
2020-11-12,Penyelamatan,Operasi Penyelamatan Lainnya,Masyarakat Datang,Jl. Raya Matraman No..132,Kebon Manggis,Matraman, Kota Administrasi Jakarta Timur,0,0,,
2020-11-12,Kebakaran,Bencana Kebakaran,Masyarakat Telepon,Jl. Mampang Prapatan raya,Mampang Prapatan,Mampang Prapatan, Kota Administrasi Jakarta Selatan,0,0,,
2020-11-12,Kebakaran,Bencana Kebakaran,Masyarakat Telepon,Jl. Damai V,Cipete Utara,Kebayoran Baru, Kota Administrasi Jakarta Selatan,1,5000000,,
2020-11-12,Kebakaran,Bencana Kebakaran,Masyarakat Telepon,Jl. Srengseng sawah,Srengseng Sawah,Jagakarsa, Kota Administrasi Jakarta Selatan,0,0,,
2020-11-12,Penyelamatan,Pengendalian Hewan,Masyarakat Telepon,Jl. Tumaritis I B,Cilandak Barat,Cilandak, Kota Administrasi Jakarta Selatan,0,0,,
2020-11-12,Penyelamatan,Pengendalian Hewan,Masyarakat Telepon,Jl. Khoir No.. 38,Ragunan,Pasar Minggu, Kota Administrasi Jakarta Selatan,0,0,,
2020-11-12,Kebakaran,Bencana Kebakaran,Masyarakat Datang,Jl. Darmawangsa X,Cipete Utara,Kebayoran Baru, Kota Administrasi Jakarta Selatan,0,350000000,,
2020-11-12,Penyelamatan,Pengendalian Hewan,Masyarakat Datang,Jl. Mangga,Gandaria Selatan,Cilandak, Kota Administrasi Jakarta Selatan,0,0,,
2020-11-12,Penyelamatan,Pengendalian Hewan,Masyarakat Telepon,Jl. Arabika raya Blok VI No..2,Pondok Kopi,Duren Sawit, Kota Administrasi Jakarta Timur,0,0,,
2020-11-12,Penyelamatan,Pengendalian Hewan,Masyarakat Telepon,Jl. Mandiri Tengah Blok M 4D No..41 ( Ex. Ruko Mandiri ),Kelapa gading timur,Kelapa Gading, Kota Administrasi Jakarta Utara,0,0,,
2020-11-12,Penyelamatan,Pengendalian Hewan,Masyarakat Telepon,Jl. Beli I,Pekayon,Pasar Rebo, Kota Administrasi Jakarta Timur,0,0,,
2020-11-12,Penyelamatan,Pengendalian Hewan,Masyarakat Telepon,Jl. Kavling Tipar Timur Blok F No.. 213,Semper Barat,Cilincing, Kota Administrasi Jakarta Utara,0,0,,
2020-11-12,Penyelamatan,Pengendalian Hewan,Masyarakat Telepon,Jl. Kalibata tengah IX No..3,Kalibata,Pancoran, Kota Administrasi Jakarta Selatan,0,0,,
2020-11-12,Penyelamatan,Operasi Penyelamatan Lainnya,Masyarakat Datang,Jl. Kembangan raya,Kembangan Selatan,Kembangan, Kota Administrasi Jakarta Barat,0,0,,
2020-11-12,Kebakaran,Bencana Kebakaran,Jakarta Siaga 112,Jl. Gaga Utama,Semanan,Kalideres, Kota Administrasi Jakarta Barat,0,200000,,
2020-11-12,Penyelamatan,Pengendalian Hewan,Masyarakat Telepon,Jl. Tanah Tinggi XII / Gg. 12,Tanah Tinggi,Johar Baru, Kota Administrasi Jakarta Pusat,0,0,,
2020-11-13,Kebakaran,Bencana Kebakaran,Masyarakat Telepon,Jl. Nirah No..69 - 70 ( Komp. Ambon Cengkareng ),Kedaung Kali Angke,Cengkareng, Kota Administrasi Jakarta Barat,1,250000000,,
2020-11-13,Kebakaran,Bencana Kebakaran,Masyarakat Datang,Jl. Inspeksi Kalimalang ( Sebelum pasar sumber artha ),Pondok Kelapa,Duren Sawit, Kota Administrasi Jakarta Timur,0,0,,
2020-11-12,Bantuan Operasi,Kesiagaan/Penjagaan,Petugas Instansi Lain,Jl. Cakung Cilincing,Cakung Timur,Cakung, Kota Administrasi Jakarta Timur,0,0,,
2020-11-12,Penyelamatan,Operasi Penyelamatan Lainnya,Masyarakat Datang,Jl. Rawasari Selatan,Cempaka Putih Timur,Cempaka Putih, Kota Administrasi Jakarta Pusat,0,0,,
2020-11-12,Bantuan Operasi,Kesiagaan/Penjagaan,Petugas Pemadam,Jl. Tebet Raya/ Tebet utara (Kediaman HABIB ALI),Tebet Timur,Tebet, Kota Administrasi Jakarta Selatan,0,0,,
2020-11-12,Penyelamatan,Pohon Tumbang,Masyarakat Telepon,Jl. R.S Fatmawati ( Depen Al- Izha ),Pondok Labu,Cilandak, Kota Administrasi Jakarta Selatan,0,0,,
2020-11-12,Penyelamatan,Pohon Tumbang,Masyarakat Telepon,Pasar Pondok Labu,Pondok Labu,Cilandak, Kota Administrasi Jakarta Selatan,0,0,,
2020-11-13,Penyelamatan,Pengendalian Hewan,Masyarakat Telepon,Jl. Sarang Bango No. 33,Marunda,Cilincing, Kota Administrasi Jakarta Utara,0,0,,
2020-11-13,Penyelamatan,Pengendalian Hewan,Masyarakat Telepon,Rumah Sakit Ancol Selatan,Sunter Agung,Tanjung Priok, Kota Administrasi Jakarta Utara,0,0,,
2020-11-13,Penyelamatan,Pengendalian Hewan,Masyarakat Datang,Jl. Saidi V No. 27,cipete selatan,Cilandak, Kota Administrasi Jakarta Selatan,0,0,,
2020-11-13,Penyelamatan,Pengendalian Hewan,Petugas Instansi Lain,Kantor Kelurahan Cilandak Barat Jl. Terogong III,Cilandak Barat,Cilandak, Kota Administrasi Jakarta Selatan,0,0,,
2020-11-13,Penyelamatan,Pengendalian Hewan,Masyarakat Datang,Jl. Terogong I No. 42,Cilandak Barat,Cilandak, Kota Administrasi Jakarta Selatan,0,0,,
2020-11-13,Penyelamatan,Pengendalian Hewan,Masyarakat Datang,Jl. Kemang Selatan Gg. Bersama,Cilandak Timur,Pasar Minggu, Kota Administrasi Jakarta Selatan,0,0,,
2020-11-13,Penyelamatan,Pengendalian Hewan,Masyarakat Datang,RPTRA Pinang Indah Jl. H Muhi VII,Pondok Pinang,Kebayoran Lama, Kota Administrasi Jakarta Selatan,0,0,,
2020-11-13,Penyelamatan,Pengendalian Hewan,Masyarakat Datang,Jl. Taman Mini Pintu 2 Bawah No. 101,Pinang Ranti,Makasar, Kota Administrasi Jakarta Timur,0,0,,
2020-11-13,Penyelamatan,Pengendalian Hewan,Masyarakat Datang,Jl. Ayama,Batu Ampar,Kramat Jati, Kota Administrasi Jakarta Timur,0,0,,
2020-11-13,Penyelamatan,Pengendalian Hewan,Petugas Instansi Lain,Jl. Menteng Wadas Utara,Pasar manggis,Setiabudi, Kota Administrasi Jakarta Selatan,0,0,,
2020-11-13,Penyelamatan,Operasi Penyelamatan Lainnya,Masyarakat Datang,Jl. M. Kahfi 1,Jagakarsa,Jagakarsa, Kota Administrasi Jakarta Selatan,0,0,,
2020-11-13,Kebakaran,Bencana Kebakaran,Masyarakat Telepon,"Jl. Ulujami Gg, H. Najih No. 7",Ulujami,Pesanggrahan, Kota Administrasi Jakarta Selatan,0,70000000,,
2020-11-13,Kebakaran,Bencana Kebakaran,Petugas Pemadam,"Samping Gedung Cyber 1, Jl. Kuningan Barat Raya No. 8",Kuningan barat,Mampang Prapatan, Kota Administrasi Jakarta Selatan,0,250000000,,
2020-11-13,Kebakaran,Bencana Kebakaran,Petugas Instansi Lain,Ruas Tol Wiyoto Wiyono ( Arah UKI ),Cipinang Cimpedak,Jatinegara, Kota Administrasi Jakarta Timur,0,70000000,,
2020-11-13,Kebakaran,Bencana Kebakaran,Masyarakat Telepon,Jl. Kebon Jeruk XIX,Maphar,Tamansari, Kota Administrasi Jakarta Barat,15,12000000,,
2020-11-14,Kebakaran,Bencana Kebakaran,Masyarakat Datang,Jl. Bina Serasih,Cengkareng Barat,Cengkareng, Kota Administrasi Jakarta Barat,0,0,,
2020-11-14,Penyelamatan,Penyelamatan Transportasi,Masyarakat Datang,Jl.Ciputat Raya Titik Kenal Depan R.S. Selapa Polri,Pondok Pinang,Kebayoran Lama, Kota Administrasi Jakarta Selatan,0,0,,
2020-11-13,Bantuan Operasi,Kerja Bakti,Petugas Pemadam,jl. Jembatan Batu,Pinangsia,Tamansari, Kota Administrasi Jakarta Barat,0,0,,
2020-11-14,Kebakaran,Bencana Kebakaran,Petugas Instansi Lain,Jl. Ulujami Raya ,Pesanggrahan,Pesanggrahan, Kota Administrasi Jakarta Selatan,0,0,,
2020-11-14,Penyelamatan,Operasi Penyelamatan Lainnya,Masyarakat Datang,Jl. Pemadam Kebakaran No.. 113,Semper Barat,Cilincing, Kota Administrasi Jakarta Utara,0,0,,
2020-11-14,Bantuan Operasi,Kesiagaan/Penjagaan,Petugas Pemadam,Jl. RC. Veteran,Bintaro,Pesanggrahan, Kota Administrasi Jakarta Selatan,0,0,,
2020-11-14,Penyelamatan,Pengendalian Hewan,Masyarakat Telepon,Jl. Kelapa Muda IV Blok G No. 25,Tugu Utara,Koja, Kota Administrasi Jakarta Utara,0,0,,
2020-11-14,Kebakaran,Bencana Kebakaran,Masyarakat Datang,Jl. Inspeksi Kali Malang,Pondok Kelapa,Duren Sawit, Kota Administrasi Jakarta Timur,0,0,,
2020-11-14,Penyelamatan,Pengendalian Hewan,Masyarakat Datang,Jl. Gg. Siluman,Kebon Pala,Makasar, Kota Administrasi Jakarta Timur,0,0,,
2020-11-14,Penyelamatan,Pengendalian Hewan,Masyarakat Telepon,Jl. Pertanian 3 No. 23,Pasar Minggu,Pasar Minggu, Kota Administrasi Jakarta Selatan,0,0,,
2020-11-14,Penyelamatan,Pengendalian Hewan,Masyarakat Telepon,Jl. Srengseng Sawah No. 168,Srengseng Sawah,Jagakarsa, Kota Administrasi Jakarta Selatan,0,0,,
2020-11-14,Penyelamatan,Pengendalian Hewan,Masyarakat Telepon,Jl. Kebagusan Dalam 1 No. 44,Kebagusan,Pasar Minggu, Kota Administrasi Jakarta Selatan,0,0,,
2020-11-14,Bantuan Operasi,Kerja Bakti,Petugas Instansi Lain,Jl. Bundaran HI,Menteng,Menteng, Kota Administrasi Jakarta Pusat,0,0,,
2020-11-14,Penyelamatan,Pengendalian Hewan,Masyarakat Telepon,Jl. Boulevard Blok A 5 No. 50 Villa Permata Gading,Tugu Selatan,Koja, Kota Administrasi Jakarta Utara,0,0,,
2020-11-14,Penyelamatan,Pengendalian Hewan,Masyarakat Datang,Jl. Murai 1 Blok D 3 No. 21,Sukapura,Cilincing, Kota Administrasi Jakarta Utara,0,0,,
2020-11-14,Penyelamatan,Pengendalian Hewan,Masyarakat Datang,Jl. Sayuti Gg. D ,Rawasari ,Cempaka Putih, Kota Administrasi Jakarta Pusat,0,0,,
2020-11-14,Penyelamatan,Operasi Penyelamatan Lainnya,Petugas Pemadam,Jl. Melawai Raya ( Optik Melawai ),Kramat Pela,Kebayoran Baru, Kota Administrasi Jakarta Selatan,0,0,,
2020-11-14,Penyelamatan,Pengendalian Hewan,Masyarakat Telepon,"Jl. Rawamangun, No.28",Rawasari ,Cempaka Putih, Kota Administrasi Jakarta Pusat,0,0,,
2020-11-14,Penyelamatan,Operasi Penyelamatan Lainnya,Masyarakat Datang,Jl. Percetakan Negara II,Johar Baru,Johar Baru, Kota Administrasi Jakarta Pusat,0,0,,
2020-11-14,Bantuan Operasi,Kerja Bakti,Petugas Instansi Lain,Jl. K.S. Tubun Raya,Petamburan,Tanah Abang, Kota Administrasi Jakarta Pusat,0,0,,
2020-11-15,Kebakaran,Bencana Kebakaran,Masyarakat Telepon,Jl. Cemara,Kayu Putih,Pulogadung, Kota Administrasi Jakarta Timur,2,10000000,,
2020-11-14,Bantuan Operasi,Kesiagaan/Penjagaan,Petugas Instansi Lain,Jl. Bundaran HI,Menteng,Menteng, Kota Administrasi Jakarta Pusat,0,0,,
2020-11-14,Penyelamatan,Operasi Penyelamatan Lainnya,Masyarakat Datang,Jl. K.H. Zainul Arifin No. 71 (Kantor Dinas),Duri Pulo,Gambir, Kota Administrasi Jakarta Pusat,0,0,,
2020-11-15,Penyelamatan,Penyelamatan Transportasi,Masyarakat Telepon,Jl. Merpati,Gunung Sahari Selatan,Kemayoran, Kota Administrasi Jakarta Pusat,0,0,,
2020-11-15,Penyelamatan,Pengendalian Hewan,Masyarakat Telepon,Jl. Lapangan Sepakbola,Pulau pari,Kep. Seribu Selatan, Kab. Administrasi Kep. Seribu,0,0,,
2020-11-15,Kebakaran,Bencana Kebakaran,Masyarakat Datang,Jl. H. Mas'ud No..49,Kebayoran lama utara,Kebayoran Lama, Kota Administrasi Jakarta Selatan,1,1000000,,
2020-11-15,Kebakaran,Bencana Kebakaran,Masyarakat Telepon,Jl. Madya Kebantenan No..8,Semper Timur,Cilincing, Kota Administrasi Jakarta Utara,0,0,,
2020-11-15,Penyelamatan,Pengendalian Hewan,Masyarakat Telepon,"Jl. Tugu, Gg. H. Ji'i",Cipayung,Cipayung, Kota Administrasi Jakarta Timur,0,0,,
2020-11-15,Penyelamatan,Pengendalian Hewan,Masyarakat Telepon,Jl. Kebalen II,Rawa Barat,Kebayoran Baru, Kota Administrasi Jakarta Selatan,0,0,,
2020-11-15,Penyelamatan,Operasi Penyelamatan Lainnya,Masyarakat Datang,Jl. Salihara No..1,jatipadang,Pasar Minggu, Kota Administrasi Jakarta Selatan,0,0,,
2020-11-15,Kebakaran,Bencana Kebakaran,Masyarakat Telepon,Jl. Mawar,Bintaro,Pesanggrahan, Kota Administrasi Jakarta Selatan,0,0,,
2020-11-15,Bantuan Operasi,Kerja Bakti,Petugas Pemadam,Komp. Billymoon ( Jl. Arista ),Pondok Kelapa,Duren Sawit, Kota Administrasi Jakarta Timur,0,0,,
2020-11-15,Penyelamatan,Pengendalian Hewan,Masyarakat Telepon,Jl. Kota Bambu Utara raya ( Musholla Al-Mabrur ),Kota Bambu Utara,Palmerah, Kota Administrasi Jakarta Barat,0,0,,
2020-11-15,Bantuan Operasi,Kerja Bakti,Petugas Pemadam,Gg langgar,Petogogan,Kebayoran Baru, Kota Administrasi Jakarta Selatan,0,0,,
2020-11-15,Bantuan Operasi,Kerja Bakti,Petugas Pemadam,Lingkungan Rw.01,Pejaten Timur,Pasar Minggu, Kota Administrasi Jakarta Selatan,0,0,,
2020-11-15,Bantuan Operasi,Kerja Bakti,Petugas Pemadam,Lingkungan Rw.06,Kebagusan,Pasar Minggu, Kota Administrasi Jakarta Selatan,0,0,,
2020-11-15,Bantuan Operasi,Kerja Bakti,Petugas Pemadam,Lingkungan Rw.06,Pasar Minggu,Pasar Minggu, Kota Administrasi Jakarta Selatan,0,0,,
2020-11-15,Bantuan Operasi,Kerja Bakti,Petugas Pemadam,Lingkungan Rw.07,Jatipadang,Pasar Minggu, Kota Administrasi Jakarta Selatan,0,0,,
2020-11-15,Bantuan Operasi,Kerja Bakti,Petugas Pemadam,Jl. Kepodang,Manggarai ,Tebet, Kota Administrasi Jakarta Selatan,0,0,,
2020-11-15,Bantuan Operasi,Kerja Bakti,Petugas Pemadam,Kali Lingkungan RT 01 RW 05,Kebayoran Lama Utara,Kebayoran Lama, Kota Administrasi Jakarta Selatan,0,0,,
2020-11-15,Bantuan Operasi,Kerja Bakti,Petugas Pemadam,Jln. H. Ipin ,Lebak Bulus,Cilandak, Kota Administrasi Jakarta Selatan,0,0,,
2020-11-15,Bantuan Operasi,Kerja Bakti,Petugas Pemadam,Jl. Rengas Raya ,Bintaro,Pesanggrahan, Kota Administrasi Jakarta Selatan,0,0,,
2020-11-15,Bantuan Operasi,Kesiagaan/Penjagaan,Petugas Pemadam,"PD Pasar jaya
Jln. Mampang Prapatan raya raya",Mampang Prapatan,Mampang Prapatan, Kota Administrasi Jakarta Selatan,0,0,,
2020-11-15,Kebakaran,Bencana Kebakaran,Masyarakat Telepon,Jl. Petojo VIY 2 No..20A,Petojo Utara,Gambir, Kota Administrasi Jakarta Pusat,1,525000000,,
2020-11-16,Penyelamatan,Pengendalian Hewan,Masyarakat Datang,Jl. Gelanggang Remaja No..48,Makasar,Makasar, Kota Administrasi Jakarta Timur,0,0,,
2020-11-16,Penyelamatan,Pengendalian Hewan,Masyarakat Telepon,Jl. Antasari No.. 32,Lebak Bulus,Cilandak, Kota Administrasi Jakarta Selatan,0,0,,
2020-11-15,Bantuan Operasi,Kerja Bakti,Petugas Pemadam,Kali Sentiong Wilayah Rw.01,Galur,Johar Baru, Kota Administrasi Jakarta Pusat,0,0,,
2020-11-15,Bantuan Operasi,Kerja Bakti,Petugas Pemadam,Jl. Kembang X,Kwitang,Senen, Kota Administrasi Jakarta Pusat,0,0,,
2020-11-15,Bantuan Operasi,Kerja Bakti,Petugas Pemadam,Jl. Kampung Irian I,Serdang,Kemayoran, Kota Administrasi Jakarta Pusat,0,0,,
2020-11-15,Bantuan Operasi,Kerja Bakti,Petugas Pemadam,Jl. Pinangsia Raya,Pinangsia,Tamansari, Kota Administrasi Jakarta Barat,0,0,,
2020-11-15,Bantuan Operasi,Kerja Bakti,Petugas Pemadam,Jl. Arjuna Raya,Kedoya Selatan,Kebun Jeruk, Kota Administrasi Jakarta Barat,0,0,,
2020-11-15,Bantuan Operasi,Kerja Bakti,Petugas Pemadam,Aliran tali penghubung Rt.01 s/ d Rt.03,Cengkareng Timur,Cengkareng, Kota Administrasi Jakarta Barat,0,0,,
2020-11-16,Penyelamatan,Pertolongan Gawat Darurat (Ambulan).,Petugas Instansi Lain,Jl. Raya Pasar Jum'at,Pondok Pinang,Kebayoran Lama, Kota Administrasi Jakarta Selatan,0,0,,
2020-11-16,Penyelamatan,Pengendalian Hewan,Masyarakat Telepon,Jl. Kampung Bidara,Marunda,Cilincing, Kota Administrasi Jakarta Utara,0,0,,
2020-11-16,Penyelamatan,Pengendalian Hewan,Masyarakat Datang,Jl. Bentengan X,Sunter Jaya,Tanjung Priok, Kota Administrasi Jakarta Utara,0,0,,
2020-11-16,Penyelamatan,Pengendalian Hewan,Masyarakat Datang,Perum Kopti,Setu,Cipayung, Kota Administrasi Jakarta Timur,0,0,,
2020-11-16,Penyelamatan,Pengendalian Hewan,Petugas Instansi Lain,Jl. Laksana B1,Kartini,Sawah Besar, Kota Administrasi Jakarta Pusat,0,0,,
2020-11-16,Penyelamatan,Pengendalian Hewan,Masyarakat Telepon,Jl. Merpati,Gunung Sahari Selatan,Kemayoran, Kota Administrasi Jakarta Pusat,0,0,,
2020-11-16,Penyelamatan,Penyelamatan Transportasi,Petugas Instansi Lain,Jl. Ciputat  Raya Depan Selapa Polri,Pondok Pinang,Kebayoran Lama, Kota Administrasi Jakarta Selatan,0,0,,
2020-11-16,Penyelamatan,Operasi Penyelamatan Lainnya,Masyarakat Telepon,Jl. Gunung Sahari Raya No. 33A,Gunung Sahari Utara,Sawah Besar, Kota Administrasi Jakarta Pusat,0,0,,
2020-11-16,Penyelamatan,Operasi Penyelamatan Lainnya,Masyarakat Datang,"Jl. Matraman Raya, No. 132 (Kantor Sudin Guklkarmat Jakarta Timur)",kebon manggis,Matraman, Kota Administrasi Jakarta Timur,0,0,,
2020-11-16,Penyelamatan,Operasi Penyelamatan Lainnya,Petugas Instansi Lain,Jl. Raya Cilincing,Lagoa,Koja, Kota Administrasi Jakarta Utara,0,0,,
2020-11-16,Kebakaran,Bencana Kebakaran,Masyarakat Telepon,Komplek UKA Blok 1 No. 36,Tugu Utara,Koja, Kota Administrasi Jakarta Utara,0,500000,,
2020-11-16,Penyelamatan,Pengendalian Hewan,Masyarakat Datang,Jl. Kembang Raya No.41,Kwitang,Senen, Kota Administrasi Jakarta Pusat,0,0,,
2020-11-16,Penyelamatan,Pengendalian Hewan,Masyarakat Telepon,Jl. Kampung Rawa Sawah No.10,Johar Baru,Johar Baru, Kota Administrasi Jakarta Pusat,0,0,,
2020-11-16,Penyelamatan,Pengendalian Hewan,Masyarakat Telepon,Jl. Kerinci XI No.16B,Gunung,Kebayoran Baru, Kota Administrasi Jakarta Selatan,0,0,,
2020-11-16,Penyelamatan,Pengendalian Hewan,Masyarakat Telepon,Jl. Komplek Green Ville Blok H No.28,Duri Kepa,Kebun Jeruk, Kota Administrasi Jakarta Barat,0,0,,
2020-11-16,Kebakaran,Bencana Kebakaran,Masyarakat Datang,Komplek Damkar Jagakarsa,Jagakarsa,Jagakarsa, Kota Administrasi Jakarta Selatan,0,0,,
2020-11-16,Bantuan Operasi,Kerja Bakti,Petugas Pemadam,Jl. Jend. Sudirman,Bendungan Hilir,Tanah Abang, Kota Administrasi Jakarta Pusat,0,0,,
2020-11-17,Kebakaran,Bencana Kebakaran,Masyarakat Datang,Jl. Raya Matraman ,Pal Meriam,Matraman, Kota Administrasi Jakarta Timur,0,60000000,,
2020-11-17,Penyelamatan,Operasi Penyelamatan Lainnya,Masyarakat Datang,Cipinang Muara,Cipinang Muara,Jatinegara, Kota Administrasi Jakarta Timur,0,0,,
2020-11-17,Bantuan Operasi,Kesiagaan/Penjagaan,Petugas Pemadam,Jl. Kali Bata Raya  ( Flyoper ),Kalibata,Pancoran, Kota Administrasi Jakarta Selatan,0,0,,
2020-11-17,Bantuan Operasi,Kesiagaan/Penjagaan,Petugas Pemadam,Jl. Jagakarsa Raya,Jagakarsa,Jagakarsa, Kota Administrasi Jakarta Selatan,0,0,,
2020-11-17,Bantuan Operasi,Kesiagaan/Penjagaan,Petugas Pemadam,Jl. Kebagusan I ,Kebagusan,Pasar Minggu, Kota Administrasi Jakarta Selatan,0,0,,
2020-11-17,Bantuan Operasi,Kesiagaan/Penjagaan,Petugas Pemadam,Jl. Bintaro Permai I,Bintaro,Pesanggrahan, Kota Administrasi Jakarta Selatan,0,0,,
2020-11-17,Bantuan Operasi,Kesiagaan/Penjagaan,Petugas Instansi Lain,Jl. Batu Merah Pejaten timur,Pejaten Timur,Pasar Minggu, Kota Administrasi Jakarta Selatan,0,0,,
2020-11-17,Penyelamatan,Operasi Penyelamatan Lainnya,Masyarakat Datang,Kantor Sudin Jakarta Selatan,Pondok Pinang,Kebayoran Lama, Kota Administrasi Jakarta Selatan,0,0,,
2020-11-17,Penyelamatan,Pengendalian Hewan,Petugas Instansi Lain,Jl. Raya Pasar Minggu,Kalibata,Pancoran, Kota Administrasi Jakarta Selatan,0,0,,
2020-11-17,Bantuan Operasi,Kerja Bakti,Petugas Pemadam,Jl. jend Sudirman,Gelora,Tanah Abang, Kota Administrasi Jakarta Pusat,0,0,,
2020-11-17,Penyelamatan,Pengendalian Hewan,Petugas Instansi Lain,SDn 01.03.05 Jl. Taman Sari X No. 17,Tamansari,Tamansari, Kota Administrasi Jakarta Barat,0,0,,
2020-11-17,Penyelamatan,Pengendalian Hewan,Petugas Instansi Lain,"Jl, Kacang Tanah Raya No. 29A",Rawa Buaya,Cengkareng, Kota Administrasi Jakarta Barat,0,0,,
2020-11-17,Penyelamatan,Pengendalian Hewan,Masyarakat Telepon,jl. Jelambar Barat III Komp 45,Jelambar,Grogol Petamburan, Kota Administrasi Jakarta Barat,0,0,,
2020-11-17,Penyelamatan,Pengendalian Hewan,Masyarakat Telepon,Jl. Komplek Pemadam joglo,Joglo,Kembangan, Kota Administrasi Jakarta Barat,0,0,,
2020-11-17,Kebakaran,Bencana Kebakaran,Masyarakat Telepon,Jl. Wedana No. 68,Maphar,Tamansari, Kota Administrasi Jakarta Barat,0,0,,
2020-11-18,Kebakaran,Bencana Kebakaran,Masyarakat Datang,Jl. Duri Bangkit,Jembatan Besi,Tambora, Kota Administrasi Jakarta Barat,0,0,,
2020-11-17,Bantuan Operasi,Kerja Bakti,Petugas Pemadam,Jl. Jati Baru Raya - Tanah Rendah,Kampung Bali,Tanah Abang, Kota Administrasi Jakarta Pusat,0,0,,
2020-11-18,Penyelamatan,Pertolongan Gawat Darurat (Ambulan).,Masyarakat Telepon,Jl. Budi Mulia V,Pademangan Barat,Pademangan, Kota Administrasi Jakarta Utara,0,0,,
2020-11-18,Penyelamatan,Operasi Penyelamatan Lainnya,Masyarakat Datang,Jl. Cileduk raya ( Kantor Sektor IV Pesanggrahan ),Petukangan Selatan,Pesanggrahan, Kota Administrasi Jakarta Selatan,0,0,,
2020-11-18,Penyelamatan,Pengendalian Hewan,Masyarakat Telepon,Jl. Surya Wahana,Kedoya Selatan,Kebun Jeruk, Kota Administrasi Jakarta Barat,0,0,,
2020-11-18,Penyelamatan,Operasi Penyelamatan Lainnya,Masyarakat Datang,Jl. Baru Pasar Jum'at ( SUDIN Jakarta Selatan ),Pondok Pinang,Kebayoran Lama, Kota Administrasi Jakarta Selatan,0,0,,
2020-11-18,Kebakaran,Bencana Kebakaran,Masyarakat Datang,Jl. Lada Dalam,Pinangsia,Tamansari, Kota Administrasi Jakarta Barat,0,0,,
2020-11-18,Penyelamatan,Pengendalian Hewan,Masyarakat Telepon,Komp. Perumahan Taman Duren Sawit,Pondok Kelapa,Duren Sawit, Kota Administrasi Jakarta Timur,0,0,,
2020-11-18,Bantuan Operasi,Kesiagaan/Penjagaan,Petugas Pemadam,Jl. Pengadegan Selatan,Pengadegan,Pancoran, Kota Administrasi Jakarta Selatan,0,0,,
2020-11-18,Bantuan Operasi,Kesiagaan/Penjagaan,Petugas Pemadam,Jl. Kapten Tendean No. 41,Kuningan Barat,Mampang Prapatan, Kota Administrasi Jakarta Selatan,0,0,,
2020-11-18,Bantuan Operasi,Kesiagaan/Penjagaan,Petugas Pemadam,Jl. Bintaro Permai ,Pesanggrahan,Pesanggrahan, Kota Administrasi Jakarta Selatan,0,0,,
2020-11-18,Bantuan Operasi,Kesiagaan/Penjagaan,Petugas Pemadam,Jln. Kebayoran Lama,Sukabumi Utara,Kebun Jeruk, Kota Administrasi Jakarta Barat,0,0,,
2020-11-18,Bantuan Operasi,Kesiagaan/Penjagaan,Petugas Pemadam,Jln. Panjang TL Green Garden,Kedoya Utara,Kebun Jeruk, Kota Administrasi Jakarta Barat,0,0,,
2020-11-19,Kebakaran,Bencana Kebakaran,Masyarakat Telepon,Jl. Baru Cilincing III,Cilincing,Cilincing, Kota Administrasi Jakarta Utara,0,0,,
2020-11-18,Penyelamatan,Pengendalian Hewan,Masyarakat Telepon,Jl. H.Kamang,Pondok Labu,Cilandak, Kota Administrasi Jakarta Selatan,0,0,,
2020-11-18,Penyelamatan,Pengendalian Hewan,Masyarakat Telepon, Jl. Tumaritis No.8 ,Cilandak Barat,Cilandak, Kota Administrasi Jakarta Selatan,0,0,,
2020-11-18,Penyelamatan,Operasi Penyelamatan Lainnya,Masyarakat Datang,Jl. Cileduk raya ( Kantor Sektor IV Pesanggrahan ),Petukangan Selatan,Pesanggrahan, Kota Administrasi Jakarta Selatan,0,0,,
2020-11-18,Penyelamatan,Pengendalian Hewan,Masyarakat Telepon,Jl. Kebalen 4,Rawa Barat,Kebayoran Baru, Kota Administrasi Jakarta Selatan,0,0,,
2020-11-18,Penyelamatan,Pengendalian Hewan,Masyarakat Telepon,Jl. Kejaksaan I ,Ciledug,Ciledug,Kota Tangerang,0,0,,
2020-11-18,Kebakaran,Bencana Kebakaran,Jakarta Siaga 112,Jl. Hj.Saidi 1 N0.21,Cipete Utara,Kebayoran Baru, Kota Administrasi Jakarta Selatan,0,0,,
2020-11-19,Kebakaran,Bencana Kebakaran,Masyarakat Telepon, Jl.  Garuda,Pesanggrahan,Pesanggrahan, Kota Administrasi Jakarta Selatan,0,1700000,,
2020-11-18,Kebakaran,Bencana Kebakaran,Masyarakat Telepon,Jl. M. Kahfi II Gg. Kramat Bambu,Jagakarsa,Jagakarsa, Kota Administrasi Jakarta Selatan,0,0,,
2020-11-19,Bantuan Operasi,Kerja Bakti,Petugas Pemadam,Jl. Jendral Sudirman,Bendungan Hilir,Tanah Abang, Kota Administrasi Jakarta Pusat,0,0,,
2020-11-19,Penyelamatan,Operasi Penyelamatan Lainnya,Masyarakat Datang,Pos Damkar Bendungan Hilir Jakarta Pusat,Bendungan Hilir,Tanah Abang, Kota Administrasi Jakarta Pusat,0,0,,
2020-11-19,Penyelamatan,Pengendalian Hewan,Masyarakat Telepon,Jl. TPU Pulau Sebira,Pulau Kelapa,Kep. Seribu Utara, Kab. Administrasi Kep. Seribu,0,0,,
2020-11-19,Penyelamatan,Pohon Tumbang,Masyarakat Telepon,Jl. Asrama Pemadam Kebakaran Joglo,Semper Barat,Cilincing, Kota Administrasi Jakarta Utara,0,0,,
2020-11-19,Penyelamatan,Pengendalian Hewan,Masyarakat Datang,"Kantor Walikota Jakarta Selatan, Jl. Prapatan Raya",Petogogan,Kebayoran Baru, Kota Administrasi Jakarta Selatan,0,0,,
2020-11-19,Penyelamatan,Pengendalian Hewan,Masyarakat Datang,Jl. H. Beden No.37,Pondok Labu,Cilandak, Kota Administrasi Jakarta Selatan,0,0,,
2020-11-19,Penyelamatan,Operasi Penyelamatan Lainnya,Masyarakat Datang,Kantor Sudin Damkar Jakarta Timur,Kebon Manggis,Matraman, Kota Administrasi Jakarta Timur,0,0,,
2020-11-19,Penyelamatan,Operasi Penyelamatan Lainnya,Masyarakat Telepon,Jl. Pondok Kopi,Pondok Kopi,Duren Sawit, Kota Administrasi Jakarta Timur,0,0,,
2020-11-19,Penyelamatan,Pengendalian Hewan,Masyarakat Datang,Jl. Madrasah IV,Cipinang Cimpedak,Jatinegara, Kota Administrasi Jakarta Timur,0,0,,
2020-11-19,Kebakaran,Bencana Kebakaran,Masyarakat Telepon,Jl. Kalibaru Timur No.14,Kalibaru,Cilincing, Kota Administrasi Jakarta Utara,1,15000000,,
2020-11-20,Bantuan Operasi,Kesiagaan/Penjagaan,Petugas Instansi Lain,Jl. A ,Kartini,Sawah Besar, Kota Administrasi Jakarta Pusat,0,0,,
2020-11-20,Bantuan Operasi,Kesiagaan/Penjagaan,Petugas Instansi Lain,Jl. Jembatan Besi II,Jembatan Besi,Tambora, Kota Administrasi Jakarta Barat,0,0,,
2020-11-20,Bantuan Operasi,Kesiagaan/Penjagaan,Petugas Instansi Lain,"Jl,.Kebon Jeruk Raya",Kebon Jeruk,Kebun Jeruk, Kota Administrasi Jakarta Barat,0,0,,
2020-11-20,Bantuan Operasi,Kesiagaan/Penjagaan,Petugas Pemadam,Jl. Raya Pasar Minggu,Duren Tiga,Pancoran, Kota Administrasi Jakarta Selatan,0,0,,
2020-11-20,Bantuan Operasi,Kesiagaan/Penjagaan,Petugas Pemadam,Jl. RC. Veteran,Bintaro,Pesanggrahan, Kota Administrasi Jakarta Selatan,0,0,,
2020-11-20,Kebakaran,Bencana Kebakaran,Masyarakat Telepon,"Jl. Prof. Dr Satrio, No. 3",Karet Kuningan,Setiabudi, Kota Administrasi Jakarta Selatan,0,0,,
2020-11-20,Penyelamatan,Pengendalian Hewan,Masyarakat Telepon,Jl. Pegangsaan I,Rawa terate,Cakung, Kota Administrasi Jakarta Timur,0,0,,
2020-11-20,Penyelamatan,Pengendalian Hewan,Masyarakat Telepon,"Jl. Selat Gaspar, No. 46",Duren sawit,Duren Sawit, Kota Administrasi Jakarta Timur,0,0,,
2020-11-20,Penyelamatan,Pengendalian Hewan,Masyarakat Telepon,Jl. Raya Rorortan ,Rorotan,Cilincing, Kota Administrasi Jakarta Utara,0,0,,
2020-11-20,Kebakaran,Bencana Kebakaran,Masyarakat Telepon,"Jl. Muara Karang, Blok K7 Selatan, No. 32",Penjaringan,Penjaringan, Kota Administrasi Jakarta Utara,1,35000000,,
2020-11-20,Kebakaran,Bencana Kebakaran,Masyarakat Telepon,"Jl. Pluit Mas III, Blok C, No. 4B",Pejagalan,Penjaringan, Kota Administrasi Jakarta Utara,1,45000000,,
2020-11-20,Bantuan Operasi,Kerja Bakti,Petugas Instansi Lain,Jl. Balai Rakyat ,Cakung Timur,Cakung, Kota Administrasi Jakarta Timur,0,0,,
2020-11-21,Penyelamatan,Operasi Penyelamatan Lainnya,Masyarakat Datang,"Jl. Penjernihan 1, No. 29 ( Pos Benhil )",Bendungan Hilir,Tanah Abang, Kota Administrasi Jakarta Pusat,0,0,,
2020-11-20,Penyelamatan,Pengendalian Hewan,Masyarakat Telepon,"Jl. Penjernihan 1, No. 11 (Kantor Palyja)",Karet Tengsin,Tanah Abang, Kota Administrasi Jakarta Pusat,0,0,,
2020-11-20,Penyelamatan,Pengendalian Hewan,Masyarakat Telepon,Jl. Cempaka Putih Tengah,Cempaka Putih Timur,Cempaka Putih, Kota Administrasi Jakarta Pusat,0,0,,
2020-11-20,Penyelamatan,Pengendalian Hewan,Masyarakat Telepon,"Jl. GG 15, No. 95",Warakas,Tanjung Priok, Kota Administrasi Jakarta Utara,0,0,,
2020-11-20,Kebakaran,Bencana Kebakaran,Petugas Instansi Lain,Jl. Benyamin Sueb ( hutan Kota Depan PRJ ),Kemayoran,Kemayoran, Kota Administrasi Jakarta Pusat,0,0,,
2020-11-20,Kebakaran,Bencana Kebakaran,Masyarakat Telepon,"Jl. Ruko 1000, Blok Z2",Cengkareng Barat,Cengkareng, Kota Administrasi Jakarta Barat,0,0,,
2020-11-21,Kebakaran,Bencana Kebakaran,Masyarakat Telepon,"Jl. Mangga 1, Blok B1, No. 6",Duri Kepa,Kebun Jeruk, Kota Administrasi Jakarta Barat,0,0,,
2020-11-20,Penyelamatan,Pengendalian Hewan,Petugas Instansi Lain,"Jl. Taman Sari X, No. 17 (SDN 01,03, 05 dan 09)",Tamansari,Tamansari, Kota Administrasi Jakarta Barat,0,0,,
2020-11-20,Penyelamatan,Pengendalian Hewan,Masyarakat Telepon,"Jl. Radio 1, No. 11",Kramat Pela,Kebayoran Baru, Kota Administrasi Jakarta Selatan,0,0,,
2020-11-21,Kebakaran,Bencana Kebakaran,Masyarakat Telepon,Jl. Pendidikan ,Cijantung,Pasar Rebo, Kota Administrasi Jakarta Timur,0,0,,
2020-11-21,Bantuan Operasi,Kerja Bakti,Masyarakat Telepon,Jl. Outer Ring Road Lingkar Luar Barat,Duri Kosambi,Cengkareng, Kota Administrasi Jakarta Barat,0,0,,
2020-11-21,Kebakaran,Bencana Kebakaran,Masyarakat Telepon,Jl.Kemuning Dalam1,Pejaten Timur,Pasar Minggu, Kota Administrasi Jakarta Selatan,0,0,,
2020-11-21,Penyelamatan,Pengendalian Hewan,Masyarakat Telepon,Jl.Kapuk Kamal,Kamal Muara,Penjaringan, Kota Administrasi Jakarta Utara,0,0,,
2020-11-21,Bantuan Operasi,Kerja Bakti,Masyarakat Telepon,Jl.Raya Penggilingan,Penggilingan,Cakung, Kota Administrasi Jakarta Timur,0,0,,
2020-11-21,Penyelamatan,Pengendalian Hewan,Masyarakat Telepon,Jl.Kp.Baru,Pondok Pinang,Kebayoran Lama, Kota Administrasi Jakarta Selatan,0,0,,
2020-11-21,Penyelamatan,Pengendalian Hewan,Masyarakat Telepon,Jl.Kelapa 3 Raya,Jagakarsa,Jagakarsa, Kota Administrasi Jakarta Selatan,0,0,,
2020-11-21,Penyelamatan,Penyelamatan Transportasi,Petugas Pemadam,"Jl.Laut Arafuru No..7,8,10",Pondok Bambu,Duren Sawit, Kota Administrasi Jakarta Timur,0,0,,
2020-11-21,Penyelamatan,Operasi Penyelamatan Lainnya,Masyarakat Datang,Jl.Raya Matraman Sudin 5.1,Kebon Manggis,Matraman, Kota Administrasi Jakarta Timur,0,0,,
2020-11-21,Penyelamatan,Pengendalian Hewan,Masyarakat Telepon,Jl.H.Dogon,Pondok Kelapa,Duren Sawit, Kota Administrasi Jakarta Timur,0,0,,
2020-11-21,Kebakaran,Bencana Kebakaran,Petugas Instansi Lain,Jl.Manunggal Jaya,Lebak Bulus,Cilandak, Kota Administrasi Jakarta Selatan,0,0,,
2020-11-21,Penyelamatan,Pengendalian Hewan,Masyarakat Telepon,Jl.Teratai ,Cipinang Muara,Jatinegara, Kota Administrasi Jakarta Timur,0,0,,
2020-11-21,Kebakaran,Bencana Kebakaran,Masyarakat Telepon,Jl.Raya Kalimalang,Pondok Bambu,Duren Sawit, Kota Administrasi Jakarta Timur,0,1000000,,
2020-11-22,Kebakaran,Bencana Kebakaran,Masyarakat Datang,Jl. Layar Permai I ,Kapuk Muara,Penjaringan, Kota Administrasi Jakarta Utara,0,215000000,,
2020-11-21,Kebakaran,Bencana Kebakaran,Masyarakat Datang,Jl. Harapan Mulya IX,Harapan Mulia,Kemayoran, Kota Administrasi Jakarta Pusat,0,0,,
2020-11-21,Penyelamatan,Operasi Penyelamatan Lainnya,Masyarakat Datang,Jl. Kalibaru Timur 1,Bungur,Senen, Kota Administrasi Jakarta Pusat,0,0,,
2020-11-22,Bantuan Operasi,Kerja Bakti,Petugas Pemadam,Jl. Batu Ceper ,kebon kelapa ,Gambir, Kota Administrasi Jakarta Pusat,0,0,,
2020-11-22,Bantuan Operasi,Kerja Bakti,Petugas Pemadam,"Pasar Bendungan Hilir, Jl. Bendungan Hilir",Bendungan Hilir,Tanah Abang, Kota Administrasi Jakarta Pusat,0,0,,
2020-11-22,Bantuan Operasi,Kerja Bakti,Petugas Pemadam,Jl.Raya Cikini s/d Jl.Probolinggo,Menteng,Menteng, Kota Administrasi Jakarta Pusat,0,0,,
2020-11-22,Bantuan Operasi,Kerja Bakti,Petugas Pemadam,Jl.Galur Raya,Galur,Johar Baru, Kota Administrasi Jakarta Pusat,0,0,,
2020-11-22,Bantuan Operasi,Kerja Bakti,Petugas Pemadam,Jl.Kali Baru Timur VI,Utan Panjang,Kemayoran, Kota Administrasi Jakarta Pusat,0,0,,
2020-11-22,Bantuan Operasi,Kerja Bakti,Petugas Pemadam,Jl.Inspeksi Kaliciliwung,Kenari,Senen, Kota Administrasi Jakarta Pusat,0,0,,
2020-11-22,Bantuan Operasi,Kerja Bakti,Petugas Pemadam,Jl.G.Raya,Karang Anyar ,Sawah Besar, Kota Administrasi Jakarta Pusat,0,0,,
2020-11-22,Bantuan Operasi,Kerja Bakti,Petugas Pemadam,jl. Ulujami Raya Gg. Subur,Pesanggrahan,Pesanggrahan, Kota Administrasi Jakarta Selatan,0,0,,
2020-11-22,Bantuan Operasi,Kerja Bakti,Petugas Instansi Lain,Masjid Al - Abror,Menteng Dalam,Tebet, Kota Administrasi Jakarta Selatan,0,0,,
2020-11-22,Bantuan Operasi,Kerja Bakti,Petugas Instansi Lain,Jl. Kemang Selatan 1F,Bangka,Mampang Prapatan, Kota Administrasi Jakarta Selatan,0,0,,
2020-11-22,Bantuan Operasi,Kerja Bakti,Petugas Instansi Lain,Jl. Pengadegan Timur I,Pengadegan,Pancoran, Kota Administrasi Jakarta Selatan,0,0,,
2020-11-22,Bantuan Operasi,Kerja Bakti,Petugas Pemadam,jl. Toe Pekong,Grogol selatan,Kebayoran Lama, Kota Administrasi Jakarta Selatan,0,0,,
2020-11-22,Bantuan Operasi,Kerja Bakti,Petugas Pemadam,Jl. Batu Merah III,Pejaten Timur,Pasar Minggu, Kota Administrasi Jakarta Selatan,0,0,,
2020-11-22,Bantuan Operasi,Kerja Bakti,Petugas Pemadam,Jl. Jati Padang Poncol,Jatipadang,Pasar Minggu, Kota Administrasi Jakarta Selatan,0,0,,
2020-11-22,Penyelamatan,Pohon Tumbang,Masyarakat Telepon,Jl. Panjang,Kebon Jeruk,Kebun Jeruk, Kota Administrasi Jakarta Barat,0,0,,
2020-11-22,Penyelamatan,Pengendalian Hewan,Masyarakat Datang,Jl. Jembatan Cinta,Pulau Tidung,Kep. Seribu Selatan, Kab. Administrasi Kep. Seribu,0,0,,
2020-11-22,Penyelamatan,Pohon Tumbang,Masyarakat Telepon,jl. Lapangan Bola,Pulau Tidung,Kep. Seribu Selatan, Kab. Administrasi Kep. Seribu,0,0,,
2020-11-22,Penyelamatan,Pertolongan Gawat Darurat (Ambulan).,Masyarakat Telepon,Perairan Pulau Paniki,Pulau Panggang,Kep. Seribu Utara, Kab. Administrasi Kep. Seribu,0,0,,
2020-11-22,Penyelamatan,Pohon Tumbang,Masyarakat Datang,"Komplek PIK, Jl. Raya Penggilingan",Penggilingan,Cakung, Kota Administrasi Jakarta Timur,0,0,,
2020-11-22,Penyelamatan,Pengendalian Hewan,Masyarakat Datang,Jl. Swakarsa,Lubang Buaya,Cipayung, Kota Administrasi Jakarta Timur,0,0,,
2020-11-22,Penyelamatan,Pengendalian Hewan,Masyarakat Datang,Jl. Langgar III No.58,Jagakarsa,Jagakarsa, Kota Administrasi Jakarta Selatan,0,0,,
2020-11-22,Penyelamatan,Pohon Tumbang,Masyarakat Datang,jl. Pengadegan selatan,Pengadegan,Pancoran, Kota Administrasi Jakarta Selatan,0,0,,
2020-11-22,Penyelamatan,Pertolongan Gawat Darurat (Ambulan).,Masyarakat Telepon,"Mangrove Gaharu Residence No..4, Jl. Gaharu I",Cipete Selatan,Cilandak, Kota Administrasi Jakarta Selatan,0,0,,
2020-11-22,Kebakaran,Bencana Kebakaran,Masyarakat Datang,Jl. Jeruk Raya,Jagakarsa,Jagakarsa, Kota Administrasi Jakarta Selatan,0,0,,
2020-11-22,Bantuan Operasi,Kerja Bakti,Petugas Pemadam,Jl. Jendral Sudirman,Bendungan Hilir,Tanah Abang, Kota Administrasi Jakarta Pusat,0,0,,
2020-11-23,Penyelamatan,Pengendalian Hewan,Masyarakat Telepon,Jl. H. Saimin No.62,Pondok Pinang,Kebayoran Lama, Kota Administrasi Jakarta Selatan,0,0,,
2020-11-23,Bantuan Operasi,Kerja Bakti,Petugas Instansi Lain,Jl. Makmur I,Lubang Buaya,Cipayung, Kota Administrasi Jakarta Timur,0,0,,
2020-11-23,Kebakaran,Bencana Kebakaran,Masyarakat Datang,Jl. Kawasan Pasar Induk Cipinang Blok N No. 4,Pisangan Timur,Pulogadung, Kota Administrasi Jakarta Timur,0,0,,
2020-11-23,Penyelamatan,Operasi Penyelamatan Lainnya,Masyarakat Datang,Jl. Raya kali Malang No. 8,Pondok Kelapa,Duren Sawit, Kota Administrasi Jakarta Timur,0,0,,
2020-11-23,Penyelamatan,Pengendalian Hewan,Petugas Instansi Lain,Jl. Pintu satu TMII,Bambu Apus,Cipayung, Kota Administrasi Jakarta Timur,0,0,,
2020-11-23,Penyelamatan,Pengendalian Hewan,Masyarakat Telepon,Jl. Pengayoman Raya ,Utan Kayu Utara,Matraman, Kota Administrasi Jakarta Timur,0,0,,
2020-11-23,Penyelamatan,Operasi Penyelamatan Lainnya,Masyarakat Datang,Jl. Pemadam Kebakaran No.. 113,Semper Barat,Cilincing, Kota Administrasi Jakarta Utara,0,0,,
2020-11-23,Bantuan Operasi,Kesiagaan/Penjagaan,Petugas Instansi Lain,Jl. Sukabumi Selatan No. 8A,Sukabumi Selatan,Kebun Jeruk, Kota Administrasi Jakarta Barat,0,0,,
2020-11-23,Bantuan Operasi,Kesiagaan/Penjagaan,Petugas Pemadam,Jl. RC. Veteran,Bintaro,Pesanggrahan, Kota Administrasi Jakarta Selatan,0,0,,
2020-11-23,Bantuan Operasi,Kesiagaan/Penjagaan,Petugas Instansi Lain,Jl.Raya Tanjung Barat,pejaten timur,Pasar Minggu, Kota Administrasi Jakarta Selatan,0,0,,
2020-11-23,Bantuan Operasi,Kesiagaan/Penjagaan,Petugas Pemadam,"Depan gedung pertani
Jl. Raya pasar minggu ",Duren tiga,Pancoran, Kota Administrasi Jakarta Selatan,0,0,,
2020-11-23,Bantuan Operasi,Kesiagaan/Penjagaan,Petugas Instansi Lain,"- Jl. Ampera Raya
- Jl. Kemang Selatan",Cilandak Timur,Pasar Minggu, Kota Administrasi Jakarta Selatan,0,0,,
2020-11-23,Penyelamatan,Pengendalian Hewan,Masyarakat Telepon,"Jl. Jagakarsa Raya, Gg. H. Saamah, No. 45",Jagakarsa,Jagakarsa, Kota Administrasi Jakarta Selatan,0,0,,
2020-11-23,Penyelamatan,Pengendalian Hewan,Masyarakat Telepon,Perumahan Metland,Ujung Menteng,Cakung, Kota Administrasi Jakarta Timur,0,0,,
2020-11-23,Penyelamatan,Pengendalian Hewan,Masyarakat Telepon,"Jl. Sultan Iskandar Muda, No. 53",Kebayoran Lama Selatan,Kebayoran Lama, Kota Administrasi Jakarta Selatan,0,0,,
2020-11-24,Kebakaran,Bencana Kebakaran,Masyarakat Telepon,"Jl. M. Kahfi 1, Gg. Kranji",Ciganjur,Jagakarsa, Kota Administrasi Jakarta Selatan,0,0,,
2020-11-24,Penyelamatan,Pengendalian Hewan,Masyarakat Telepon,Jl. Cipulir 1,Cipulir,Kebayoran Lama, Kota Administrasi Jakarta Selatan,0,0,,
2020-11-23,Bantuan Operasi,Kerja Bakti,Petugas Instansi Lain,Jl. Muwardi,Grogol,Grogol Petamburan, Kota Administrasi Jakarta Barat,0,0,,
2020-11-23,Bantuan Operasi,Kerja Bakti,Petugas Instansi Lain,Jl. Tanjung Duren Raya (Kantor Sudin JakBar),Tanjung Duren Utara,Grogol Petamburan, Kota Administrasi Jakarta Barat,0,0,,
2020-11-23,Penyelamatan,Pohon Tumbang,Petugas Instansi Lain,"Jl. Kedoya Raya, No. 19 (TPU Gadog)",Kedoya Utara,Kebun Jeruk, Kota Administrasi Jakarta Barat,0,0,,
2020-11-23,Penyelamatan,Operasi Penyelamatan Lainnya,Masyarakat Datang,"Jl. Tanjung Duren Raya, No. 1",Tanjung Duren Utara,Grogol Petamburan, Kota Administrasi Jakarta Barat,0,0,,
2020-11-24,Penyelamatan,Pengendalian Hewan,Masyarakat Telepon,Jl.Gerbang Pemuda No..3,Gelora,Tanah Abang, Kota Administrasi Jakarta Pusat,0,0,,
2020-11-24,Penyelamatan,Pengendalian Hewan,Masyarakat Telepon,Jl.Dermaga Pelabuhan Utama,Pulau Pari,Kep. Seribu Selatan, Kab. Administrasi Kep. Seribu,0,0,,
2020-11-24,Kebakaran,Bencana Kebakaran,Masyarakat Telepon,Jl.Tugu Raya No..21,Semper Barat,Cilincing, Kota Administrasi Jakarta Utara,0,0,,
2020-11-24,Penyelamatan,Pengendalian Hewan,Masyarakat Datang,Komp Paspampres Blok G1,Kampung Tengah,Kramat Jati, Kota Administrasi Jakarta Timur,0,0,,
2020-11-24,Kebakaran,Bencana Kebakaran,Petugas Instansi Lain,Komplek Greengarden,Kedoya Utara,Kebun Jeruk, Kota Administrasi Jakarta Barat,1,20000000,,
2020-11-24,Penyelamatan,Pengendalian Hewan,Masyarakat Telepon,Jl.Lebak Bulus 4,Lebak Bulus,Cilandak, Kota Administrasi Jakarta Selatan,0,0,,
2020-11-24,Bantuan Operasi,Kerja Bakti,Masyarakat Telepon,Jl.Kebagusan,Kebagusan,Pasar Minggu, Kota Administrasi Jakarta Selatan,0,0,,
2020-11-24,Kebakaran,Bencana Kebakaran,Masyarakat Telepon,Jl.Palmerah Utara 3 Gg.Palm 4,Palmerah,Palmerah, Kota Administrasi Jakarta Barat,0,0,,
2020-11-24,Kebakaran,Bencana Kebakaran,Masyarakat Telepon,Jl.H.Sanusi Taming,Duri Kepa,Kebun Jeruk, Kota Administrasi Jakarta Barat,0,0,,
2020-11-24,Penyelamatan,Pohon Tumbang,Masyarakat Telepon,Jl.Taman Suropati No..5,Menteng,Menteng, Kota Administrasi Jakarta Pusat,0,0,,
2020-11-24,Penyelamatan,Pengendalian Hewan,Masyarakat Telepon,Jl.Swadaya 2 No..63,Cilangkap,Cipayung, Kota Administrasi Jakarta Timur,0,0,,
2020-11-25,Penyelamatan,Operasi Penyelamatan Lainnya,Masyarakat Telepon,Jl.Limo,Bali Mester,Jatinegara, Kota Administrasi Jakarta Timur,0,0,,
2020-11-25,Kebakaran,Bencana Kebakaran,Masyarakat Telepon,Jl.Nusa Indah V,Malaka Jaya,Duren Sawit, Kota Administrasi Jakarta Timur,0,0,,
2020-11-25,Kebakaran,Bencana Kebakaran,Masyarakat Telepon,Jl.Marga Satwa,Jatipadang,Pasar Minggu, Kota Administrasi Jakarta Selatan,1,300000000,,
2020-11-25,Kebakaran,Bencana Kebakaran,Masyarakat Telepon,Jl.Flamboyan Batu Sari No..35,Kebon Jeruk,Kebun Jeruk, Kota Administrasi Jakarta Barat,0,50000000,,
2020-11-25,Penyelamatan,Evakuasi Banjir / Penyelamatan Air ,Masyarakat Datang,"Kali Banjir Kanal Barat, Jl. Bakti",Cideng,Gambir, Kota Administrasi Jakarta Pusat,0,0,,
2020-11-25,Penyelamatan,Pengendalian Hewan,Masyarakat Telepon,Jl. Cakung Cilincing Raya (Balai Uji KIR Cilincing),Semper Timur,Cilincing, Kota Administrasi Jakarta Utara,0,0,,
2020-11-25,Penyelamatan,Pengendalian Hewan,Masyarakat Telepon,Jl. Pulau Untung Jawa,Pulau Untung Jawa,Kep. Seribu Selatan, Kab. Administrasi Kep. Seribu,0,0,,
2020-11-25,Penyelamatan,Pohon Tumbang,Petugas Pemadam,jl. Srengseng Raya,Srengseng,Kembangan, Kota Administrasi Jakarta Barat,0,0,,
2020-11-25,Penyelamatan,Pengendalian Hewan,Masyarakat Telepon,Jl. Anggrek Rosdiana VII,Kemanggisan,Palmerah, Kota Administrasi Jakarta Barat,0,0,,
2020-11-25,Penyelamatan,Pengendalian Hewan,Masyarakat Telepon,Jl. Kramat Batu Dalam Gg. Swadaya,Gandaria Selatan,Cilandak, Kota Administrasi Jakarta Selatan,0,0,,
2020-11-25,Penyelamatan,Pengendalian Hewan,Masyarakat Telepon,Jl. Johar Gg. Hanafi,Srengseng Sawah,Jagakarsa, Kota Administrasi Jakarta Selatan,0,0,,
2020-11-25,Penyelamatan,Pengendalian Hewan,Masyarakat Telepon,Komplek Hankam Blok F No.8,Pondok Labu,Cilandak, Kota Administrasi Jakarta Selatan,0,0,,
2020-11-25,Penyelamatan,Operasi Penyelamatan Lainnya,Masyarakat Datang,Kantor Sektor Tebet Jakarta Selatan,Tebet barat,Tebet, Kota Administrasi Jakarta Selatan,0,0,,
2020-11-25,Penyelamatan,Penyelamatan Beda Ketinggian,Petugas Instansi Lain,Jl. DR. Satrio Apartement Denpasar Residence,Karet Kuningan,Setiabudi, Kota Administrasi Jakarta Selatan,0,0,,
2020-11-25,Penyelamatan,Pengendalian Hewan,Masyarakat Datang,Jl. H. Miun No.7,Kalisari,Pasar Rebo, Kota Administrasi Jakarta Timur,0,0,,
2020-11-25,Penyelamatan,Pengendalian Hewan,Masyarakat Datang,Jl. Balai Rakyat ,Pondok Bambu,Duren Sawit, Kota Administrasi Jakarta Timur,0,0,,
2020-11-25,Penyelamatan,Pengendalian Hewan,Petugas Instansi Lain,Jl. Jatinegara Kaum No.49,Jatinegara Kaum,Pulogadung, Kota Administrasi Jakarta Timur,0,0,,
2020-11-25,Penyelamatan,Pengendalian Hewan,Masyarakat Datang,jl. Basuki Rahmat,Duren sawit,Duren Sawit, Kota Administrasi Jakarta Timur,0,0,,
2020-11-25,Penyelamatan,Pengendalian Hewan,Masyarakat Datang,"SMPN 255 Jakarta, Jl. Raden Inten II",Duren Sawit,Duren Sawit, Kota Administrasi Jakarta Timur,0,0,,
2020-11-25,Kebakaran,Bencana Kebakaran,Masyarakat Datang,Jl. Kampung Kramat,Setu,Cipayung, Kota Administrasi Jakarta Timur,0,0,,
2020-11-25,Kebakaran,Bencana Kebakaran,Masyarakat Datang,Jl. Ampera,Rawamangun,Pulogadung, Kota Administrasi Jakarta Timur,0,6000000,,
2020-11-25,Kebakaran,Bencana Kebakaran,Masyarakat Telepon,"Komplek Polri, Jl. R No. 22",Ragunan,Pasar Minggu, Kota Administrasi Jakarta Selatan,0,20000000,,
2020-11-25,Kebakaran,Bencana Kebakaran,Masyarakat Datang,jl. Masjid Al-Ridwan,jatipadang,Pasar Minggu, Kota Administrasi Jakarta Selatan,0,0,,
2020-11-25,Kebakaran,Bencana Kebakaran,Masyarakat Datang,Jl. Kedoya Raya,Kedoya Utara,Kebun Jeruk, Kota Administrasi Jakarta Barat,0,0,,
2020-11-26,Penyelamatan,Pengendalian Hewan,Masyarakat Telepon,Jl. Mugeni,Pulau Pari,Kep. Seribu Selatan, Kab. Administrasi Kep. Seribu,0,0,,
2020-11-26,Penyelamatan,Pengendalian Hewan,Masyarakat Telepon,"Jl. Pendidikan, Gg. Ibu Arwiyah",Pulau Pari,Kep. Seribu Selatan, Kab. Administrasi Kep. Seribu,0,0,,
2020-11-26,Penyelamatan,Pengendalian Hewan,Masyarakat Datang,Jl. Griya Saun Tugu 1,Cilangkap,Cipayung, Kota Administrasi Jakarta Timur,0,0,,
2020-11-26,Penyelamatan,Operasi Penyelamatan Lainnya,Masyarakat Datang,Jl. Condet Raya,Pejaten barat,Pasar Minggu, Kota Administrasi Jakarta Selatan,0,0,,
2020-11-26,Penyelamatan,Operasi Penyelamatan Lainnya,Masyarakat Datang,Jl. Pantai Timur Raya ( Pos Damkar PIK ),Kapuk Muara,Penjaringan, Kota Administrasi Jakarta Utara,0,0,,
2020-11-26,Kebakaran,Bencana Kebakaran,Masyarakat Telepon,Jl. Condet Batu ampar,Batu ampar,Kramat Jati, Kota Administrasi Jakarta Timur,2,5000000,,
2020-11-26,Penyelamatan,Operasi Penyelamatan Lainnya,Masyarakat Datang,Jl. Komplek Kebon Jeruk Baru ( Kantor Sektor kebon Jeruk ),Kebon Jeruk,Kebun Jeruk, Kota Administrasi Jakarta Barat,0,0,,
2020-11-26,Penyelamatan,Pengendalian Hewan,Petugas Instansi Lain,Jl. Raya Kedoya ( Kantor Kelurahan Kedoya Selatan ),Kedoya Selatan,Kebun Jeruk, Kota Administrasi Jakarta Barat,0,0,,
2020-11-26,Penyelamatan,Pengendalian Hewan,Petugas Pemadam,Jl. Sirsak,Jagakarsa,Jagakarsa, Kota Administrasi Jakarta Selatan,0,0,,
2020-11-26,Penyelamatan,Pengendalian Hewan,Masyarakat Datang,Jl. Menteng Atas 1,Menteng Atas,Setiabudi, Kota Administrasi Jakarta Selatan,0,0,,
2020-11-26,Penyelamatan,Evakuasi Banjir / Penyelamatan Air ,Masyarakat Datang,Jl. Banjir Kanal Barat ( Kampung Bakti Stasiun Pompa Cideng ),Cideng,Gambir, Kota Administrasi Jakarta Pusat,0,0,,
2020-11-26,Bantuan Operasi,Kesiagaan/Penjagaan,Petugas Pemadam,Jl. RC. Veteran,Bintaro,Pesanggrahan, Kota Administrasi Jakarta Selatan,0,0,,
2020-11-26,Bantuan Operasi,Kesiagaan/Penjagaan,Petugas Instansi Lain,"- Jl. Ampera Raya
- Jl. Kemang Selatan",Cilandak Timur,Pasar Minggu, Kota Administrasi Jakarta Selatan,0,0,,
2020-11-27,Kebakaran,Bencana Kebakaran,Masyarakat Telepon,"Jl. Batu Raya, Gg. Batu Virus",Menteng Atas,Setiabudi, Kota Administrasi Jakarta Selatan,48,0,,
2020-11-27,Kebakaran,Bencana Kebakaran,Masyarakat Telepon,"Jl. Pelangi Ungu, Blok C3, No. 5",Pegangsaan Dua,Kelapa Gading, Kota Administrasi Jakarta Utara,0,50000000,,
2020-11-26,Bantuan Operasi,Kerja Bakti,Petugas Instansi Lain,Jl. H. Mujahidin,Rambutan,Ciracas, Kota Administrasi Jakarta Timur,0,0,,
2020-11-27,Penyelamatan,Pengendalian Hewan,Masyarakat Telepon,Jl. Wijaya Kusuma Ujung No.144,Pondok Cabe,Pamulang,Kota Tangerang Selatan,0,0,,
2020-11-27,Penyelamatan,Pengendalian Hewan,Masyarakat Telepon, Jl.TB Simatupang ,Cilandak Timur,Pasar Minggu, Kota Administrasi Jakarta Selatan,0,0,,
2020-11-27,Penyelamatan,Operasi Penyelamatan Lainnya,Masyarakat Telepon,Kantor Damkar Sektor X Jl. M.Kahfi I,Jagakarsa,Jagakarsa, Kota Administrasi Jakarta Selatan,0,0,,
2020-11-27,Penyelamatan,Penyelamatan Transportasi,Petugas Pemadam,Jl. TB. Simatupang  Depan Gedung wisma Raharja,Cilandak Timur,Pasar Minggu, Kota Administrasi Jakarta Selatan,0,0,,
2020-11-27,Penyelamatan,Pengendalian Hewan,Masyarakat Telepon,Jl.H. Hasan No.46,Jagakarsa,Jagakarsa, Kota Administrasi Jakarta Selatan,0,0,,
2020-11-27,Penyelamatan,Pengendalian Hewan,Masyarakat Telepon,Jl. Salihara No.18,Jatipadang,Pasar Minggu, Kota Administrasi Jakarta Selatan,0,0,,
2020-11-27,Penyelamatan,Operasi Penyelamatan Lainnya,Masyarakat Telepon,Jl.RA. Kartini Depan Gereja Nehemia,Pondok Pinang,Kebayoran Lama, Kota Administrasi Jakarta Selatan,0,0,,
2020-11-27,Penyelamatan,Pengendalian Hewan,Masyarakat Telepon," jln taman melati,",Cilangkap,Cipayung, Kota Administrasi Jakarta Timur,0,0,,
2020-11-27,Kebakaran,Bencana Kebakaran,Masyarakat Telepon,"Jl Balai Pustaka,HKBP Rawamangun",Rawamangun,Pulogadung, Kota Administrasi Jakarta Timur,0,10000000,,
2020-11-27,Penyelamatan,Operasi Penyelamatan Lainnya,Masyarakat Datang,Jl Raya Poncol (Kantor Sek 8),Ciracas,Ciracas, Kota Administrasi Jakarta Timur,0,0,,
2020-11-27,Penyelamatan,Pengendalian Hewan,Masyarakat Telepon,Jl Selat Sunda III No 4 Kav AL ,Duren sawit,Duren Sawit, Kota Administrasi Jakarta Timur,0,0,,
2020-11-27,Penyelamatan,Pengendalian Hewan,Masyarakat Telepon,Jl Bambu Duri V,Pondok Bambu,Duren Sawit, Kota Administrasi Jakarta Timur,0,0,,
2020-11-28,Kebakaran,Bencana Kebakaran,Masyarakat Telepon,Jl. Pangeran Tubagus Angke ( titik kenal Depan Pasar Jembatan Dua ),Angke,Tambora, Kota Administrasi Jakarta Barat,0,0,,
2020-11-27,Kebakaran,Bencana Kebakaran,Masyarakat Telepon,Jl. Jati Padang Raya Gg. Mesjid Al Ridwan,jatipadang,Pasar Minggu, Kota Administrasi Jakarta Selatan,0,0,,
2020-11-27,Penyelamatan,Pengendalian Hewan,Masyarakat Telepon,Dharmawangsa Residence Jl. Dharmawangsa Depan Hotel Bimasena,Pulo,Kebayoran Baru, Kota Administrasi Jakarta Selatan,0,0,,
2020-11-27,Penyelamatan,Pengendalian Hewan,Masyarakat Telepon,Jl. Kelapa Ijo No.52,Jagakarsa,Jagakarsa, Kota Administrasi Jakarta Selatan,0,0,,
2020-11-28,Penyelamatan,Pengendalian Hewan,Masyarakat Datang,Jl. Swadaya II No.150,Cilangkap,Cipayung, Kota Administrasi Jakarta Timur,0,0,,
2020-11-28,Penyelamatan,Pengendalian Hewan,Masyarakat Datang,"Cluster Residence II, Jl. Pondok Rangon No.96",Pondok Rangon,Cipayung, Kota Administrasi Jakarta Timur,0,0,,
2020-11-28,Penyelamatan,Pengendalian Hewan,Masyarakat Telepon,"kompl. DDN II Blok F No.19, Jl. Pangkalan Jati",Pondok Labu,Cilandak, Kota Administrasi Jakarta Selatan,0,0,,
2020-11-28,Penyelamatan,Pengendalian Hewan,Masyarakat Telepon,"SDN Petukangan Utara, Jl. Palem Raya",Petukangan Utara,Pesanggrahan, Kota Administrasi Jakarta Selatan,0,0,,
2020-11-28,Penyelamatan,Pengendalian Hewan,Masyarakat Datang,Jl. Ende,Sungai Bambu,Tanjung Priok, Kota Administrasi Jakarta Utara,0,0,,
2020-11-28,Penyelamatan,Pengendalian Hewan,Masyarakat Telepon,jl. Utama Gg. Nursin,Pulau Pari,Kep. Seribu Selatan, Kab. Administrasi Kep. Seribu,0,0,,
2020-11-28,Penyelamatan,Pengendalian Hewan,Masyarakat Telepon,Komplek Pelindo II Blok D1 No.12,Cilincing,Cilincing, Kota Administrasi Jakarta Utara,0,0,,
2020-11-28,Penyelamatan,Pengendalian Hewan,Masyarakat Telepon,Jl. Logistik No.41,Tugu Selatan,Koja, Kota Administrasi Jakarta Utara,0,0,,
2020-11-28,Penyelamatan,Pengendalian Hewan,Masyarakat Datang,jl. Komplek DPR RI No.66,Palmerah,Palmerah, Kota Administrasi Jakarta Barat,0,0,,
2020-11-28,Kebakaran,Bencana Kebakaran,Masyarakat Datang,Jl. Daan Mogot KM1,Jelambar,Grogol Petamburan, Kota Administrasi Jakarta Barat,0,2000000,,
2020-11-28,Kebakaran,Bencana Kebakaran,Masyarakat Telepon,Jl. Gandaria I No.83,Kramat Pela,Kebayoran Baru, Kota Administrasi Jakarta Selatan,0,5000000,,
2020-11-28,Bantuan Operasi,Kerja Bakti,Petugas Pemadam,Jl. Cut Mutia,Cikini,Menteng, Kota Administrasi Jakarta Pusat,0,0,,
2020-11-28,Bantuan Operasi,Kerja Bakti,Petugas Pemadam,Jl. Jendral Sudirman,Bendungan Hilir,Tanah Abang, Kota Administrasi Jakarta Pusat,0,0,,
2020-11-29,Bantuan Operasi,Kerja Bakti,Petugas Instansi Lain,Jl. Yos Sudarso,Tanjung Priok,Tanjung Priok, Kota Administrasi Jakarta Utara,0,0,,
2020-11-29,Bantuan Operasi,Kesiagaan/Penjagaan,Petugas Instansi Lain,Jl. Jembatan Besi Raya,Jembatan Besi,Tambora, Kota Administrasi Jakarta Barat,0,0,,
2020-11-29,Penyelamatan,Pohon Tumbang,Petugas Pemadam,Jl. Raya Bekasi ( Depan Asrama Palad ),Cakung Barat,Cakung, Kota Administrasi Jakarta Timur,5,"5,000,000",,
2020-11-29,Kebakaran,Bencana Kebakaran,Masyarakat Datang,JL. Tebet Dalam VII,Tebet barat,Tebet, Kota Administrasi Jakarta Selatan,0,0,,
2020-11-29,Penyelamatan,Pengendalian Hewan,Masyarakat Telepon,"Jl. Kramat III C, No. 91",Lubang Buaya,Cipayung, Kota Administrasi Jakarta Timur,0,0,,
2020-11-29,Penyelamatan,Pengendalian Hewan,Masyarakat Telepon,"Kav. DKI Blok I 15, No. 16",Pondok Kelapa,Duren Sawit, Kota Administrasi Jakarta Timur,0,0,,
2020-11-29,Penyelamatan,Pohon Tumbang,Masyarakat Datang,Jl. Sakti (Komplek Shangrilla Indah II),Petukangan Selatan,Pesanggrahan, Kota Administrasi Jakarta Selatan,0,0,,
2020-11-29,Penyelamatan,Pohon Tumbang,Masyarakat Telepon,"Jl. M. Khafi I, No. 60 B",Jagakarsa,Jagakarsa, Kota Administrasi Jakarta Selatan,0,0,,
2020-11-29,Penyelamatan,Pohon Tumbang,Masyarakat Datang,Jl. K.H. Syafi'i Hadzami,Kebayoran lama Utara,Kebayoran Lama, Kota Administrasi Jakarta Selatan,0,0,,
2020-11-29,Penyelamatan,Operasi Penyelamatan Lainnya,Masyarakat Telepon,Jl. Gatot Subroto (Gedung Smesco ),Pancoran,Pancoran, Kota Administrasi Jakarta Selatan,0,0,,
2020-11-29,Penyelamatan,Pengendalian Hewan,Masyarakat Telepon,Jl. Perjuangan ,tugu Selatan,Koja, Kota Administrasi Jakarta Utara,0,0,,
2020-11-30,Penyelamatan,Penyelamatan Transportasi,Masyarakat Telepon,"Jl. Kebon Baru, Gg. 5",Semper Barat,Cilincing, Kota Administrasi Jakarta Utara,0,0,,
2020-11-29,Kebakaran,Bencana Kebakaran,Masyarakat Telepon,Jl. Raya Jati Petamburan ,Petamburan,Tanah Abang, Kota Administrasi Jakarta Pusat,25,1500000000,,
2020-11-29,Penyelamatan,Pengendalian Hewan,Masyarakat Telepon,Jl. Masjid Al Barokah ,Srengseng Sawah,Jagakarsa, Kota Administrasi Jakarta Selatan,0,0,,
2020-11-29,Bantuan Operasi,Kesiagaan/Penjagaan,Petugas Instansi Lain,Jl. RC. Veteran,Bintaro,Pesanggrahan, Kota Administrasi Jakarta Selatan,0,0,,
2020-11-29,Bantuan Operasi,Kerja Bakti,Petugas Instansi Lain,Jl. Swadharma Raya gg. Dahlua,Ulujami,Pesanggrahan, Kota Administrasi Jakarta Selatan,0,0,,
2020-11-29,Bantuan Operasi,Kerja Bakti,Petugas Instansi Lain,Jl. Rawajati Barat,Rawajati,Pancoran, Kota Administrasi Jakarta Selatan,0,0,,
2020-11-29,Bantuan Operasi,Kerja Bakti,Petugas Instansi Lain,Jl Kebalen V,Rawa Barat,Kebayoran Baru, Kota Administrasi Jakarta Selatan,0,0,,
2020-11-29,Bantuan Operasi,Kerja Bakti,Petugas Instansi Lain,"Jln. Tebet Barat V.
Jln. Tebet Barat V A.",Tebet Barat,Tebet, Kota Administrasi Jakarta Selatan,0,0,,
2020-11-29,Bantuan Operasi,Kerja Bakti,Petugas Instansi Lain,Jl. Mampang Prapatan,Mampang Prapatan,Mampang Prapatan, Kota Administrasi Jakarta Selatan,0,0,,
2020-11-29,Penyelamatan,Pohon Tumbang,Masyarakat Telepon,Jl. Zeni Raya,Rawajati,Pancoran, Kota Administrasi Jakarta Selatan,0,10000000,,
2020-11-29,Kebakaran,Bencana Kebakaran,Petugas Instansi Lain,"Jl. S. Parman, Kav. 56",Slipi,Palmerah, Kota Administrasi Jakarta Barat,0,0,,
2020-11-29,Kebakaran,Bencana Kebakaran,Masyarakat Telepon,Jl. Komplek Palem Permata,Pegadungan,Kalideres, Kota Administrasi Jakarta Barat,0,8350000,,
2020-11-29,Penyelamatan,Operasi Penyelamatan Lainnya,Masyarakat Telepon,Jl. Kh Zainul Arifin 71,Duri Pulo,Gambir, Kota Administrasi Jakarta Pusat,0,0,,
2020-11-29,Kebakaran,Bencana Kebakaran,Masyarakat Datang,"Jl. Kebon Kacang 2, No. 33",Kebon Kacang,Tanah Abang, Kota Administrasi Jakarta Pusat,0,3000000,,
2020-11-29,Penyelamatan,Pohon Tumbang,Masyarakat Telepon,Jl. Administrasi Negara 1,Bendungan Hilir,Tanah Abang, Kota Administrasi Jakarta Pusat,0,20000000,,
2020-11-30,Penyelamatan,Pohon Tumbang,Masyarakat Telepon,Jl SDI ( Town House Pesona Regency  ),Batu ampar,Kramat Jati, Kota Administrasi Jakarta Timur,0,0,,
2020-11-30,Penyelamatan,Pengendalian Hewan,Masyarakat Telepon,Kp Pisangan.No 104,Penggilingan,Cakung, Kota Administrasi Jakarta Timur,0,0,,
2020-11-30,Penyelamatan,Pengendalian Hewan,Masyarakat Telepon,Gg.Mushola Darusalam.No..51A,Pinang Ranti,Makasar, Kota Administrasi Jakarta Timur,5,0,,
2020-11-30,Penyelamatan,Pengendalian Hewan,Masyarakat Telepon,Jl.Gunuk II D ,pejaten timur,Pasar Minggu, Kota Administrasi Jakarta Selatan,0,0,,
2020-11-30,Kebakaran,Bencana Kebakaran,Masyarakat Telepon,Jl. Pejaten Raya  ,Pejaten barat,Pasar Minggu, Kota Administrasi Jakarta Selatan,0,0,,
2020-11-30,Penyelamatan,Pengendalian Hewan,Masyarakat Telepon,Jl. Pelepah Raya JU 38,Kelapa Gading Barat,Kelapa Gading, Kota Administrasi Jakarta Utara,0,0,,
2020-11-30,Penyelamatan,Pengendalian Hewan,Masyarakat Telepon,Kp.Prepet,Pegadungan,Kalideres, Kota Administrasi Jakarta Barat,0,0,,
2020-11-30,Penyelamatan,Pengendalian Hewan,Masyarakat Telepon,Perumahan Meruya Residence Blok Gn Kerinci No..42,Meruya Selatan,Kembangan, Kota Administrasi Jakarta Barat,0,0,,
2020-11-30,Penyelamatan,Pengendalian Hewan,Masyarakat Telepon,Kp.Kali Mati,Kedaung Kali Angke,Cengkareng, Kota Administrasi Jakarta Barat,0,0,,
2020-11-30,Penyelamatan,Pengendalian Hewan,Masyarakat Telepon,Jl.Prepedan No..3,Kamal,Kalideres, Kota Administrasi Jakarta Barat,0,0,,
2020-11-30,Penyelamatan,Pengendalian Hewan,Masyarakat Telepon,Jl.Kp.Pisangan No..102,Penggilingan,Cakung, Kota Administrasi Jakarta Timur,0,0,,
2020-11-30,Bantuan Operasi,Kerja Bakti,Petugas Instansi Lain,Sepanjang Jl Balai Rakyat,Utan Kayu Utara,Matraman, Kota Administrasi Jakarta Timur,0,0,,
2020-11-30,Penyelamatan,Pengendalian Hewan,Masyarakat Telepon, Jl. Minang Keramat II,Gandaria Utara,Kebayoran Baru, Kota Administrasi Jakarta Selatan,0,0,,
2020-11-30,Penyelamatan,Pengendalian Hewan,Masyarakat Telepon,Perumahan Green Garden Blok 1 6 No..7,Kedoya Utara,Kebun Jeruk, Kota Administrasi Jakarta Barat,0,0,,
,,,,,,,,,,,
,,,,,,,,,,,
,,,,,,,,,,,
,,,,,,,,,,,
,,,,,,,,,,,
,,,,,,,,,,,
,,,,,,,,,,,
,,,,,,,,,,,
,,,,,,,,,,,
,,,,,,,,,,,
,,,,,,,,,,,
,,,,,,,,,,,
,,,,,,,,,,,
,,,,,,,,,,,
,,,,,,,,,,,
,,,,,,,,,,,
,,,,,,,,,,,
,,,,,,,,,,,
,,,,,,,,,,,
,,,,,,,,,,,
,,,,,,,,,,,
,,,,,,,,,,,
,,,,,,,,,,,
,,,,,,,,,,,
,,,,,,,,,,,
,,,,,,,,,,,
,,,,,,,,,,,
,,,,,,,,,,,
,,,,,,,,,,,
,,,,,,,,,,,
,,,,,,,,,,,
,,,,,,,,,,,
,,,,,,,,,,,
,,,,,,,,,,,
,,,,,,,,,,,
,,,,,,,,,,,
,,,,,,,,,,,
,,,,,,,,,,,
,,,,,,,,,,,
,,,,,,,,,,,
,,,,,,,,,,,
,,,,,,,,,,,
,,,,,,,,,,,
,,,,,,,,,,,
,,,,,,,,,,,
,,,,,,,,,,,
,,,,,,,,,,,
,,,,,,,,,,,
,,,,,,,,,,,
,,,,,,,,,,,
,,,,,,,,,,,
,,,,,,,,,,,
,,,,,,,,,,,
,,,,,,,,,,,
,,,,,,,,,,,
,,,,,,,,,,,
,,,,,,,,,,,
,,,,,,,,,,,
,,,,,,,,,,,
,,,,,,,,,,,
,,,,,,,,,,,
,,,,,,,,,,,
,,,,,,,,,,,
,,,,,,,,,,,
,,,,,,,,,,,
,,,,,,,,,,,
,,,,,,,,,,,
,,,,,,,,,,,
,,,,,,,,,,,
,,,,,,,,,,,
,,,,,,,,,,,
,,,,,,,,,,,
,,,,,,,,,,,
,,,,,,,,,,,
,,,,,,,,,,,
,,,,,,,,,,,
,,,,,,,,,,,
,,,,,,,,,,,
,,,,,,,,,,,
,,,,,,,,,,,
,,,,,,,,,,,
,,,,,,,,,,,
,,,,,,,,,,,
,,,,,,,,,,,
,,,,,,,,,,,
,,,,,,,,,,,
,,,,,,,,,,,
,,,,,,,,,,,
,,,,,,,,,,,
,,,,,,,,,,,
,,,,,,,,,,,
,,,,,,,,,,,
,,,,,,,,,,,
,,,,,,,,,,,
,,,,,,,,,,,
,,,,,,,,,,,
,,,,,,,,,,,
,,,,,,,,,,,
,,,,,,,,,,,
,,,,,,,,,,,
,,,,,,,,,,,
,,,,,,,,,,,
,,,,,,,,,,,
,,,,,,,,,,,
,,,,,,,,,,,
,,,,,,,,,,,
,,,,,,,,,,,
,,,,,,,,,,,
,,,,,,,,,,,
,,,,,,,,,,,
,,,,,,,,,,,
,,,,,,,,,,,
,,,,,,,,,,,
,,,,,,,,,,,
,,,,,,,,,,,
,,,,,,,,,,,
,,,,,,,,,,,
,,,,,,,,,,,
,,,,,,,,,,,
,,,,,,,,,,,
,,,,,,,,,,,
,,,,,,,,,,,
,,,,,,,,,,,
,,,,,,,,,,,
,,,,,,,,,,,
,,,,,,,,,,,
,,,,,,,,,,,
,,,,,,,,,,,
,,,,,,,,,,,
,,,,,,,,,,,
,,,,,,,,,,,
,,,,,,,,,,,
,,,,,,,,,,,
,,,,,,,,,,,
,,,,,,,,,,,
,,,,,,,,,,,
,,,,,,,,,,,
,,,,,,,,,,,
,,,,,,,,,,,
,,,,,,,,,,,
,,,,,,,,,,,
,,,,,,,,,,,
,,,,,,,,,,,
,,,,,,,,,,,
,,,,,,,,,,,
,,,,,,,,,,,
,,,,,,,,,,,
,,,,,,,,,,,
,,,,,,,,,,,
,,,,,,,,,,,
,,,,,,,,,,,
,,,,,,,,,,,
,,,,,,,,,,,
,,,,,,,,,,,
,,,,,,,,,,,
,,,,,,,,,,,
,,,,,,,,,,,
,,,,,,,,,,,
,,,,,,,,,,,
,,,,,,,,,,,
,,,,,,,,,,,
,,,,,,,,,,,
,,,,,,,,,,,
,,,,,,,,,,,
,,,,,,,,,,,
,,,,,,,,,,,
,,,,,,,,,,,
,,,,,,,,,,,
,,,,,,,,,,,
,,,,,,,,,,,
,,,,,,,,,,,
,,,,,,,,,,,
,,,,,,,,,,,
,,,,,,,,,,,
,,,,,,,,,,,
,,,,,,,,,,,
,,,,,,,,,,,
,,,,,,,,,,,
,,,,,,,,,,,
,,,,,,,,,,,
,,,,,,,,,,,
,,,,,,,,,,,
,,,,,,,,,,,
,,,,,,,,,,,
,,,,,,,,,,,
,,,,,,,,,,,
,,,,,,,,,,,
,,,,,,,,,,,
,,,,,,,,,,,
,,,,,,,,,,,
,,,,,,,,,,,
,,,,,,,,,,,
,,,,,,,,,,,
,,,,,,,,,,,
,,,,,,,,,,,
,,,,,,,,,,,
,,,,,,,,,,,
,,,,,,,,,,,
,,,,,,,,,,,
,,,,,,,,,,,
,,,,,,,,,,,
,,,,,,,,,,,
,,,,,,,,,,,
,,,,,,,,,,,
,,,,,,,,,,,
,,,,,,,,,,,
,,,,,,,,,,,
,,,,,,,,,,,
,,,,,,,,,,,
,,,,,,,,,,,
,,,,,,,,,,,
,,,,,,,,,,,
,,,,,,,,,,,
,,,,,,,,,,,
,,,,,,,,,,,
,,,,,,,,,,,
,,,,,,,,,,,
,,,,,,,,,,,
,,,,,,,,,,,
,,,,,,,,,,,
,,,,,,,,,,,
,,,,,,,,,,,
,,,,,,,,,,,
,,,,,,,,,,,
,,,,,,,,,,,
,,,,,,,,,,,
,,,,,,,,,,,
,,,,,,,,,,,
,,,,,,,,,,,
,,,,,,,,,,,
,,,,,,,,,,,
,,,,,,,,,,,
,,,,,,,,,,,
,,,,,,,,,,,
,,,,,,,,,,,
,,,,,,,,,,,
,,,,,,,,,,,
,,,,,,,,,,,
,,,,,,,,,,,
,,,,,,,,,,,
,,,,,,,,,,,
,,,,,,,,,,,
,,,,,,,,,,,
,,,,,,,,,,,
,,,,,,,,,,,
,,,,,,,,,,,
,,,,,,,,,,,
,,,,,,,,,,,
,,,,,,,,,,,
,,,,,,,,,,,
,,,,,,,,,,,
,,,,,,,,,,,
,,,,,,,,,,,
,,,,,,,,,,,
,,,,,,,,,,,
,,,,,,,,,,,
,,,,,,,,,,,
,,,,,,,,,,,
,,,,,,,,,,,
,,,,,,,,,,,
,,,,,,,,,,,
,,,,,,,,,,,
,,,,,,,,,,,
,,,,,,,,,,,
,,,,,,,,,,,
,,,,,,,,,,,
,,,,,,,,,,,
,,,,,,,,,,,
,,,,,,,,,,,
,,,,,,,,,,,
,,,,,,,,,,,
,,,,,,,,,,,
,,,,,,,,,,,
,,,,,,,,,,,
,,,,,,,,,,,
,,,,,,,,,,,
,,,,,,,,,,,
,,,,,,,,,,,
,,,,,,,,,,,
,,,,,,,,,,,
,,,,,,,,,,,
,,,,,,,,,,,
,,,,,,,,,,,
,,,,,,,,,,,
,,,,,,,,,,,
,,,,,,,,,,,
,,,,,,,,,,,
,,,,,,,,,,,
,,,,,,,,,,,
,,,,,,,,,,,
,,,,,,,,,,,
,,,,,,,,,,,
,,,,,,,,,,,
,,,,,,,,,,,
,,,,,,,,,,,
,,,,,,,,,,,
,,,,,,,,,,,
,,,,,,,,,,,
,,,,,,,,,,,
,,,,,,,,,,,
,,,,,,,,,,,
,,,,,,,,,,,
,,,,,,,,,,,
,,,,,,,,,,,
,,,,,,,,,,,
,,,,,,,,,,,
,,,,,,,,,,,
,,,,,,,,,,,
,,,,,,,,,,,
,,,,,,,,,,,
,,,,,,,,,,,
,,,,,,,,,,,
,,,,,,,,,,,
,,,,,,,,,,,
,,,,,,,,,,,
,,,,,,,,,,,
,,,,,,,,,,,
,,,,,,,,,,,
,,,,,,,,,,,
,,,,,,,,,,,
,,,,,,,,,,,
,,,,,,,,,,,
,,,,,,,,,,,
,,,,,,,,,,,
,,,,,,,,,,,
,,,,,,,,,,,
,,,,,,,,,,,
,,,,,,,,,,,
,,,,,,,,,,,
,,,,,,,,,,,
,,,,,,,,,,,
,,,,,,,,,,,
,,,,,,,,,,,
,,,,,,,,,,,
,,,,,,,,,,,
,,,,,,,,,,,
,,,,,,,,,,,
,,,,,,,,,,,
,,,,,,,,,,,
,,,,,,,,,,,
,,,,,,,,,,,
,,,,,,,,,,,
,,,,,,,,,,,
,,,,,,,,,,,
,,,,,,,,,,,
,,,,,,,,,,,
,,,,,,,,,,,
,,,,,,,,,,,
,,,,,,,,,,,
,,,,,,,,,,,
,,,,,,,,,,,
,,,,,,,,,,,
,,,,,,,,,,,
,,,,,,,,,,,
,,,,,,,,,,,
,,,,,,,,,,,
,,,,,,,,,,,
,,,,,,,,,,,
,,,,,,,,,,,
,,,,,,,,,,,
,,,,,,,,,,,
,,,,,,,,,,,
,,,,,,,,,,,
,,,,,,,,,,,
,,,,,,,,,,,
,,,,,,,,,,,
,,,,,,,,,,,
,,,,,,,,,,,
,,,,,,,,,,,
,,,,,,,,,,,
,,,,,,,,,,,
,,,,,,,,,,,
,,,,,,,,,,,
,,,,,,,,,,,
,,,,,,,,,,,
,,,,,,,,,,,
,,,,,,,,,,,
,,,,,,,,,,,
,,,,,,,,,,,
,,,,,,,,,,,
,,,,,,,,,,,
,,,,,,,,,,,
,,,,,,,,,,,
,,,,,,,,,,,
,,,,,,,,,,,
,,,,,,,,,,,
,,,,,,,,,,,
,,,,,,,,,,,
,,,,,,,,,,,
,,,,,,,,,,,
,,,,,,,,,,,
,,,,,,,,,,,
,,,,,,,,,,,
,,,,,,,,,,,
,,,,,,,,,,,
,,,,,,,,,,,
,,,,,,,,,,,
,,,,,,,,,,,
,,,,,,,,,,,
,,,,,,,,,,,
,,,,,,,,,,,
,,,,,,,,,,,
,,,,,,,,,,,
,,,,,,,,,,,
,,,,,,,,,,,
,,,,,,,,,,,
,,,,,,,,,,,
,,,,,,,,,,,
,,,,,,,,,,,
,,,,,,,,,,,
,,,,,,,,,,,
,,,,,,,,,,,
,,,,,,,,,,,
,,,,,,,,,,,
,,,,,,,,,,,
,,,,,,,,,,,
,,,,,,,,,,,
,,,,,,,,,,,
,,,,,,,,,,,
,,,,,,,,,,,
,,,,,,,,,,,
,,,,,,,,,,,
,,,,,,,,,,,
,,,,,,,,,,,
,,,,,,,,,,,
,,,,,,,,,,,
,,,,,,,,,,,
,,,,,,,,,,,
,,,,,,,,,,,
,,,,,,,,,,,
,,,,,,,,,,,
,,,,,,,,,,,
,,,,,,,,,,,
,,,,,,,,,,,
,,,,,,,,,,,
,,,,,,,,,,,
,,,,,,,,,,,
,,,,,,,,,,,
,,,,,,,,,,,
,,,,,,,,,,,
,,,,,,,,,,,
,,,,,,,,,,,
,,,,,,,,,,,
,,,,,,,,,,,
,,,,,,,,,,,
,,,,,,,,,,,
,,,,,,,,,,,
,,,,,,,,,,,
,,,,,,,,,,,
,,,,,,,,,,,
,,,,,,,,,,,
,,,,,,,,,,,
,,,,,,,,,,,
,,,,,,,,,,,
,,,,,,,,,,,
,,,,,,,,,,,
,,,,,,,,,,,
,,,,,,,,,,,
,,,,,,,,,,,
,,,,,,,,,,,
,,,,,,,,,,,
,,,,,,,,,,,
,,,,,,,,,,,
,,,,,,,,,,,
,,,,,,,,,,,
,,,,,,,,,,,
,,,,,,,,,,,
,,,,,,,,,,,
,,,,,,,,,,,
,,,,,,,,,,,
,,,,,,,,,,,
,,,,,,,,,,,
,,,,,,,,,,,
,,,,,,,,,,,
,,,,,,,,,,,
,,,,,,,,,,,
,,,,,,,,,,,
,,,,,,,,,,,
,,,,,,,,,,,
,,,,,,,,,,,
,,,,,,,,,,,
,,,,,,,,,,,
,,,,,,,,,,,
,,,,,,,,,,,
,,,,,,,,,,,
,,,,,,,,,,,
,,,,,,,,,,,
,,,,,,,,,,,
,,,,,,,,,,,
,,,,,,,,,,,
,,,,,,,,,,,
,,,,,,,,,,,
,,,,,,,,,,,
,,,,,,,,,,,
,,,,,,,,,,,
,,,,,,,,,,,
,,,,,,,,,,,
,,,,,,,,,,,
,,,,,,,,,,,
,,,,,,,,,,,
,,,,,,,,,,,
,,,,,,,,,,,
,,,,,,,,,,,
,,,,,,,,,,,
,,,,,,,,,,,
,,,,,,,,,,,
,,,,,,,,,,,
,,,,,,,,,,,
,,,,,,,,,,,
,,,,,,,,,,,
,,,,,,,,,,,
,,,,,,,,,,,
,,,,,,,,,,,
,,,,,,,,,,,
